Activity Type,Date,Favorite,Title,Distance,Calories,Time,Avg HR,Max HR,Aerobic TE,Avg Run Cadence,Max Run Cadence,Avg Speed,Max Speed,Elev Gain,Elev Loss,Avg Stride Length,Avg Vertical Ratio,Avg Vertical Oscillation,Avg Bike Cadence,Max Bike Cadence,Normalized Power® (NP®),Training Stress Score®,Max Avg Power (20 min),Avg Power,Max Power,Grit,Flow,Total Strokes,Avg. Swolf,Avg Stroke Rate,Total Reps,Total Sets,Bottom Time,Min Temp,Surface Interval,Decompression,Best Lap Time,Number of Laps,Max Temp
Cycling,29/02/2020 6:26,FALSE,Melbourne Cycling,85.41,"1,324",2:47:33,138,195,3,--,--,30.6,45.6,"1,564","1,628",0,0,0,--,--,--,0,--,--,--,0,0,--,--,--,--,--,0:00,0,0:00,No,00:00.0,1,0
Pool Swimming,28/02/2020 5:46,FALSE,Pool Swimming,"4,000",747,1:16:35,--,--,--,--,--,1:38,0:26,--,--,0,0,0,--,--,--,0,--,--,--,0,0,1962,74,30,--,--,0:00,0,0:00,No,00:00.0,1,0
Cycling,27/02/2020 5:25,FALSE,Melbourne Cycling,38.14,752,1:17:00,139,185,3.2,--,--,29.7,44.3,847,930,0,0,0,--,--,--,0,--,--,--,0,0,--,--,--,--,--,0:00,0,0:00,No,00:00.0,1,0
Virtual Cycling,26/02/2020 19:15,FALSE,Zwift - Watopia,19.64,263,0:40:18,--,--,0,--,--,29.2,53.8,59,--,0,0,0,71,82,117,0,120,114,240,0,0,--,--,--,--,--,0:00,0,0:00,No,00:00.0,1,0
Pool Swimming,24/02/2020 18:31,FALSE,Lap Swimming,"3,150",637,0:52:04,--,--,--,--,--,1:20,0:24,--,--,0,0,0,--,--,--,0,--,--,--,0,0,922,55,22,--,--,0:00,0,0:00,No,00:00.0,1,0
Pool Swimming,24/02/2020 18:18,FALSE,Lap Swimming,375,61,0:12:11,--,--,--,--,--,3:15,1:08,--,--,0,0,0,--,--,--,0,--,--,--,0,0,327,70,27,--,--,0:00,0,0:00,No,00:00.9,2,0
Multisport,23/02/2020 7:35,FALSE,Geelong Multi-Sport,114.03,"3,189",5:04:45,--,180,4.4,--,--,22.5,--,"1,972","1,960",0,0,0,--,--,--,0,--,--,--,0,0,--,--,--,--,--,0:00,0,0:00,No,00:00.0,5,0
Running,22/02/2020 8:15,FALSE,Geelong Running,3.05,222,0:17:47,161,182,3.1,163,195,5:50,4:59,124,114,1.05,0,0,--,--,--,0,--,--,--,0,0,--,--,--,--,--,0:00,0,0:00,No,00:16.8,4,0
Cycling,22/02/2020 7:01,FALSE,Geelong Cycling,23.98,424,0:54:32,124,158,2,--,--,26.4,34.7,480,484,0,0,0,--,--,--,0,--,--,--,0,0,--,--,--,--,--,0:00,0,0:00,No,00:00.0,1,0
Running,20/02/2020 5:47,FALSE,Melbourne Running,10.03,661,0:55:38,154,176,4.1,160,177,5:33,4:15,308,311,1.15,0,0,--,--,--,0,--,--,--,0,0,--,--,--,--,--,0:00,0,0:00,No,01:01.0,13,0
Pool Swimming,19/02/2020 5:47,FALSE,Lap Swimming,"3,550",612,1:14:03,--,--,--,--,--,1:53,0:54,--,--,0,0,0,--,--,--,0,--,--,--,0,0,1826,41,27,--,--,0:00,0,0:00,No,00:00.0,1,0
Virtual Cycling,18/02/2020 19:43,FALSE,Zwift - Watopia,29.05,477,0:55:13,--,--,0,--,--,31.6,51.1,162,--,0,0,0,84,105,159,0,162,151,364,0,0,--,--,--,--,--,0:00,0,0:00,No,00:00.0,1,0
Pool Swimming,17/02/2020 18:18,FALSE,Lap Swimming,"3,300",594,1:12:39,--,--,--,--,--,1:52,1:32,--,--,0,0,0,--,--,--,0,--,--,--,0,0,1905,85,31,--,--,0:00,0,0:00,No,00:00.0,1,0
Running,16/02/2020 8:33,FALSE,Melbourne Running,15.03,894,1:21:00,148,161,3.5,170,179,5:23,4:38,425,458,1.09,0,0,--,--,--,0,--,--,--,0,0,--,--,--,--,--,0:00,0,0:00,No,00:10.5,16,0
Cycling,15/02/2020 6:22,FALSE,Melbourne Cycling,86.12,"1,264",2:55:47,132,165,2.7,--,--,29.4,40.5,"1,490","1,562",0,0,0,--,--,--,0,--,--,--,0,0,--,--,--,--,--,0:00,0,0:00,No,00:00.0,1,0
Running,14/02/2020 6:42,FALSE,Melbourne Running,10.03,607,0:52:36,150,161,3.7,169,181,5:14,4:40,256,296,1.13,0,0,--,--,--,0,--,--,--,0,0,--,--,--,--,--,0:00,0,0:00,No,00:10.7,11,0
Cycling,13/02/2020 5:26,FALSE,Melbourne Cycling,48.81,856,1:32:33,140,172,3.4,--,--,31.6,50.6,864,912,0,0,0,--,--,--,0,--,--,--,0,0,--,--,--,--,--,0:00,0,0:00,No,00:00.0,1,0
Pool Swimming,12/02/2020 5:45,FALSE,Lap Swimming,"4,500",860,1:20:23,--,--,--,--,--,1:40,0:27,--,--,0,0,0,--,--,--,0,--,--,--,0,0,2183,74,29,--,--,0:00,0,0:00,No,00:00.0,1,0
Running,11/02/2020 5:47,FALSE,Melbourne Running,13.18,836,1:11:03,156,175,3.9,159,189,5:23,3:27,454,463,1.16,0,0,--,--,--,0,--,--,--,0,0,--,--,--,--,--,0:00,0,0:00,No,00:43.2,24,0
Pool Swimming,10/02/2020 18:19,FALSE,Lap Swimming,"3,800",691,1:11:40,--,--,--,--,--,1:48,0:32,--,--,0,0,0,--,--,--,0,--,--,--,0,0,2142,82,31,--,--,0:00,0,0:00,No,00:00.0,1,0
Running,9/02/2020 7:57,FALSE,Melbourne Running,21.03,"1,161",1:47:40,149,163,3.6,171,180,5:07,4:39,612,605,1.14,0,0,--,--,--,0,--,--,--,0,0,--,--,--,--,--,0:00,0,0:00,No,00:09.8,22,0
Open Water Swimming,9/02/2020 7:11,FALSE,Port Phillip Bay Open Water Swimming,"1,996",354,0:36:40,--,--,--,--,--,1:50,0:25,--,--,0,0,0,--,--,--,0,--,--,--,0,0,1258,43,34,--,--,0:00,0,0:00,No,08:25.1,4,0
Running,8/02/2020 11:35,FALSE,Melbourne Running,10.02,624,0:51:41,156,170,3.8,168,181,5:10,4:27,259,261,1.15,0,0,--,--,--,0,--,--,--,0,0,--,--,--,--,--,0:00,0,0:00,No,00:08.7,11,0
Cycling,8/02/2020 6:27,FALSE,Melbourne Cycling,141.47,"2,135",4:28:29,143,184,3.3,--,--,31.6,57,"2,610","2,698",0,0,0,--,--,--,0,--,--,--,0,0,--,--,--,--,--,0:00,0,0:00,No,00:00.0,1,0
Running,6/02/2020 18:26,FALSE,Melbourne Running,16.03,918,1:31:08,149,175,3.6,142,197,5:41,3:04,402,406,1.25,0,0,--,--,--,0,--,--,--,0,0,--,--,--,--,--,0:00,0,0:00,No,00:32.3,46,0
Cycling,6/02/2020 5:22,FALSE,Melbourne Cycling,48.79,818,1:33:31,138,173,3.5,--,--,31.3,49.8,982,"1,024",0,0,0,--,--,--,0,--,--,--,0,0,--,--,--,--,--,0:00,0,0:00,No,00:00.0,1,0
Pool Swimming,5/02/2020 5:46,FALSE,Lap Swimming,"3,650",696,1:15:23,--,--,--,--,--,1:48,0:27,--,--,0,0,0,--,--,--,0,--,--,--,0,0,1860,80,28,--,--,0:00,0,0:00,No,00:00.0,1,0
Indoor Cycling,4/02/2020 18:30,FALSE,Indoor Cycling,33.36,822,1:30:07,140,164,3.1,--,--,22.2,32.7,--,--,0,0,0,79,117,--,0,--,--,--,0,0,7112,--,--,--,--,0:00,0,0:00,No,09:51.7,7,0
Running,4/02/2020 5:47,FALSE,Melbourne Running,14.11,886,1:14:10,160,185,4.5,163,191,5:15,3:28,378,390,1.17,0,0,--,--,--,0,--,--,--,0,0,--,--,--,--,--,0:00,0,0:00,No,00:32.4,25,0
Pool Swimming,3/02/2020 18:27,FALSE,Lap Swimming,"2,450",427,1:11:00,--,--,--,--,--,1:00:00,1:06,--,--,0,0,0,--,--,--,0,--,--,--,0,0,1649,--,--,--,--,0:00,0,0:00,No,00:00.0,1,0
Running,2/02/2020 11:18,FALSE,Melbourne Running,8.02,453,0:40:03,151,170,3.6,171,181,5:00,4:25,274,289,1.17,0,0,--,--,--,0,--,--,--,0,0,--,--,--,--,--,0:00,0,0:00,No,00:10.8,9,0
Cycling,2/02/2020 6:01,FALSE,Melbourne Cycling,140.53,"2,058",4:41:14,131,162,3.3,--,--,30,58,"2,579","2,596",0,0,0,--,--,--,0,--,--,--,0,0,--,--,--,--,--,0:00,0,0:00,No,00:00.0,1,0
Running,1/02/2020 6:52,FALSE,Melbourne Running,20.03,"1,271",1:44:58,162,180,4.7,168,238,5:14,4:33,638,699,1.14,0,0,--,--,--,0,--,--,--,0,0,--,--,--,--,--,0:00,0,0:00,No,00:09.8,21,0
Pool Swimming,31/01/2020 5:47,FALSE,Lap Swimming,"3,700",684,1:18:11,--,--,--,--,--,1:46,0:47,--,--,0,0,0,--,--,--,0,--,--,--,0,0,1856,78,28,--,--,0:00,0,0:00,No,00:00.0,1,0
Running,30/01/2020 18:21,FALSE,Melbourne Running,12.02,663,1:04:53,147,171,3,153,189,5:24,3:31,260,340,1.23,0,0,--,--,--,0,--,--,--,0,0,--,--,--,--,--,0:00,0,0:00,No,00:03.9,28,0
Cycling,30/01/2020 5:23,FALSE,Melbourne Cycling,48.83,859,1:32:17,143,181,3.7,--,--,31.7,46.4,797,869,0,0,0,--,--,--,0,--,--,--,0,0,--,--,--,--,--,0:00,0,0:00,No,00:00.0,1,0
Pool Swimming,29/01/2020 5:47,FALSE,Lap Swimming,"3,450",631,1:15:00,--,--,--,--,--,1:47,0:38,--,--,0,0,0,--,--,--,0,--,--,--,0,0,1806,80,29,--,--,0:00,0,0:00,No,00:00.0,1,0
Virtual Cycling,28/01/2020 19:10,FALSE,Zwift - NYC,35.35,678,1:15:18,--,--,0,--,--,28.2,70.6,561,--,0,0,0,75,102,166,0,178,157,405,0,0,--,--,--,--,--,0:00,0,0:00,No,00:00.0,1,0
Running,28/01/2020 5:47,FALSE,Melbourne Running,13.16,793,1:14:07,149,171,3.5,153,206,5:38,3:22,430,421,1.19,0,0,--,--,--,0,--,--,--,0,0,--,--,--,--,--,0:00,0,0:00,No,00:10.4,27,0
Open Water Swimming,27/01/2020 10:20,FALSE,Port Phillip Bay Open Water Swimming,"2,669",483,0:46:50,--,--,--,--,--,1:45,0:13,--,--,0,0,0,--,--,--,0,--,--,--,0,0,1457,40,30,--,--,0:00,0,0:00,No,03:20.2,6,0
Running,26/01/2020 13:46,FALSE,Melbourne Running,19.03,"1,097",1:37:22,154,179,3.9,171,216,5:07,4:16,485,539,1.15,0,0,--,--,--,0,--,--,--,0,0,--,--,--,--,--,0:00,0,0:00,No,00:10.6,20,0
Open Water Swimming,26/01/2020 7:10,FALSE,Port Phillip Bay Open Water Swimming,"2,504",445,0:47:14,--,--,--,--,--,1:53,0:16,--,--,0,0,0,--,--,--,0,--,--,--,0,0,1509,43,31,--,--,0:00,0,0:00,No,01:26.2,7,0
Running,25/01/2020 11:28,FALSE,Melbourne Running,6.03,362,0:30:11,155,171,3.4,172,179,5:00,4:14,192,215,1.16,0,0,--,--,--,0,--,--,--,0,0,--,--,--,--,--,0:00,0,0:00,No,00:10.3,7,0
Cycling,25/01/2020 6:25,FALSE,Melbourne Cycling,131.68,"2,101",4:12:50,144,172,4,--,--,31.3,61.1,"2,255","2,343",0,0,0,--,--,--,0,--,--,--,0,0,--,--,--,--,--,0:00,0,0:00,No,00:00.0,1,0
Pool Swimming,24/01/2020 5:45,FALSE,Lap Swimming,"3,850",713,1:11:28,--,--,--,--,--,1:38,0:20,--,--,0,0,0,--,--,--,0,--,--,--,0,0,1753,72,28,--,--,0:00,0,0:00,No,00:00.0,1,0
Running,23/01/2020 18:28,FALSE,Melbourne Running,12.08,746,1:02:11,158,179,4.3,164,187,5:09,3:23,336,359,1.19,0,0,--,--,--,0,--,--,--,0,0,--,--,--,--,--,0:00,0,0:00,No,00:13.0,17,0
Virtual Cycling,23/01/2020 5:42,FALSE,Zwift - Watopia,40.89,710,1:15:31,--,--,0,--,--,32.5,66.7,295,--,0,0,0,77,97,175,0,190,164,364,0,0,--,--,--,--,--,0:00,0,0:00,No,00:00.0,1,0
Pool Swimming,22/01/2020 5:44,FALSE,Lap Swimming,"3,850",753,1:18:49,--,--,--,--,--,1:42,0:26,--,--,0,0,0,--,--,--,0,--,--,--,0,0,1943,76,30,--,--,0:00,0,0:00,No,00:00.0,1,0
Virtual Cycling,21/01/2020 19:28,FALSE,Zwift - Watopia,33.83,589,1:03:12,--,--,0,--,--,32.1,66,265,--,0,0,0,79,106,172,0,182,162,466,0,0,--,--,--,--,--,0:00,0,0:00,No,00:00.0,1,0
Running,21/01/2020 5:47,FALSE,Melbourne Running,11.7,724,1:08:26,149,182,3.4,153,195,5:51,3:09,400,399,1.14,0,0,--,--,--,0,--,--,--,0,0,--,--,--,--,--,0:00,0,0:00,No,00:33.3,17,0
Running,19/01/2020 8:40,FALSE,Melbourne Running,18.11,"1,038",1:35:04,152,180,3.6,170,179,5:15,4:09,610,632,1.12,0,0,--,--,--,0,--,--,--,0,0,--,--,--,--,--,0:00,0,0:00,No,00:34.3,19,0
Open Water Swimming,19/01/2020 7:07,FALSE,Port Phillip Bay Open Water Swimming,"2,556",452,0:46:15,--,--,--,--,--,1:49,0:33,--,--,0,0,0,--,--,--,0,--,--,--,0,0,1567,42,33,--,--,0:00,0,0:00,No,00:18.3,8,0
Running,18/01/2020 10:07,FALSE,Melbourne Running,3.24,188,0:16:11,152,164,2.7,174,181,5:00,4:27,93,97,1.15,0,0,--,--,--,0,--,--,--,0,0,--,--,--,--,--,0:00,0,0:00,No,01:10.1,4,0
Cycling,18/01/2020 5:30,FALSE,Melbourne Cycling,130.28,"1,995",4:08:21,143,178,3.4,--,--,31.5,54.1,"2,304","2,364",0,0,0,--,--,--,0,--,--,--,0,0,--,--,--,--,--,0:00,0,0:00,No,00:00.0,1,0
Pool Swimming,17/01/2020 5:45,FALSE,Lap Swimming,"4,150",767,1:17:26,--,--,--,--,--,1:41,0:34,--,--,0,0,0,--,--,--,0,--,--,--,0,0,2086,76,30,--,--,0:00,0,0:00,No,00:00.0,1,0
Running,16/01/2020 18:44,FALSE,Melbourne Running,14.13,903,1:20:20,155,181,4.2,148,183,5:41,3:50,465,460,1.24,0,0,--,--,--,0,--,--,--,0,0,--,--,--,--,--,0:00,0,0:00,No,00:22.8,28,0
Virtual Cycling,16/01/2020 5:30,FALSE,Zwift - Tour de Zwift: Stage 1 Long Distance,46.83,795,1:25:52,--,--,0,--,--,32.7,76.2,370,--,0,0,0,73,92,164,0,170,160,318,0,0,--,--,--,--,--,0:00,0,0:00,No,00:00.0,1,0
Pool Swimming,15/01/2020 5:46,FALSE,Lap Swimming,"4,200",856,1:08:49,--,--,--,--,--,1:23,0:27,--,--,0,0,0,--,--,--,0,--,--,--,0,0,1540,60,26,--,--,0:00,0,0:00,No,02:05.9,2,0
Virtual Cycling,14/01/2020 18:54,FALSE,Zwift - London,36.6,672,1:16:34,--,--,0,--,--,28.7,78.1,366,--,0,0,0,76,105,161,0,182,153,423,0,0,--,--,--,--,--,0:00,0,0:00,No,00:00.0,1,0
Treadmill Running,14/01/2020 6:36,FALSE,Treadmill Running,11.03,696,1:02:25,151,181,3.9,160,180,5:40,4:32,--,--,1.1,0,0,--,--,--,0,--,--,--,0,0,--,--,--,--,--,0:00,0,0:00,No,00:08.3,12,0
Pool Swimming,13/01/2020 18:16,FALSE,Lap Swimming,"4,350",852,1:19:16,--,--,--,--,--,1:39,0:25,--,--,0,0,0,--,--,--,0,--,--,--,0,0,2170,74,30,--,--,0:00,0,0:00,No,00:02.0,3,0
Running,12/01/2020 8:39,FALSE,Melbourne Running,17.03,"1,060",1:28:41,160,185,4.5,169,181,5:12,4:34,487,486,1.14,0,0,--,--,--,0,--,--,--,0,0,--,--,--,--,--,0:00,0,0:00,No,00:10.5,18,0
Open Water Swimming,12/01/2020 7:13,FALSE,Port Phillip Bay Open Water Swimming,"1,690",303,0:31:58,--,--,--,--,--,1:54,0:25,--,--,0,0,0,--,--,--,0,--,--,--,0,0,1063,44,33,--,--,0:00,0,0:00,No,06:57.0,4,0
Running,11/01/2020 10:51,FALSE,Melbourne Running,2.04,124,0:10:24,157,166,2.3,171,179,5:06,4:31,69,85,1.15,0,0,--,--,--,0,--,--,--,0,0,--,--,--,--,--,0:00,0,0:00,No,00:10.6,3,0
Cycling,11/01/2020 6:24,FALSE,Melbourne Cycling,120.38,"2,149",3:58:27,149,187,3.9,--,--,30.3,60,"2,348","2,356",0,0,0,--,--,--,0,--,--,--,0,0,--,--,--,--,--,0:00,0,0:00,No,00:00.0,1,0
Pool Swimming,10/01/2020 5:44,FALSE,Lap Swimming,"3,350",624,1:11:41,--,--,--,--,--,1:52,0:33,--,--,0,0,0,--,--,--,0,--,--,--,0,0,1886,84,30,--,--,0:00,0,0:00,No,00:00.0,1,0
Running,9/01/2020 18:06,FALSE,Melbourne Running,10.01,578,0:53:04,154,176,3.7,162,177,5:18,4:16,331,350,1.16,0,0,--,--,--,0,--,--,--,0,0,--,--,--,--,--,0:00,0,0:00,No,00:55.0,12,0
Cycling,9/01/2020 5:24,FALSE,Melbourne Cycling,48.91,977,1:33:09,149,186,4.1,--,--,31.5,50.1,746,786,0,0,0,--,--,--,0,--,--,--,0,0,--,--,--,--,--,0:00,0,0:00,No,00:12.6,2,0
Pool Swimming,8/01/2020 5:45,FALSE,Lap Swimming,"4,600",975,1:17:54,--,--,--,--,--,1:26,0:27,--,--,0,0,0,--,--,--,0,--,--,--,0,0,1797,63,27,--,--,0:00,0,0:00,No,00:00.0,1,0
Running,7/01/2020 15:21,FALSE,Melbourne Running,12.04,804,1:11:06,156,175,4.5,141,189,5:54,3:33,241,250,1.18,0,0,--,--,--,0,--,--,--,0,0,--,--,--,--,--,0:00,0,0:00,No,00:19.0,51,0
Virtual Cycling,7/01/2020 8:35,FALSE,Zwift - Watopia,45.57,774,1:29:41,--,--,0,--,--,30.5,67.1,389,--,0,0,0,79,99,160,0,174,152,406,0,0,--,--,--,--,--,0:00,0,0:00,No,00:00.0,1,0
Pool Swimming,6/01/2020 18:17,FALSE,Lap Swimming,"3,500",190,1:13:50,--,--,--,--,--,2:07,1:22,--,--,0,0,0,--,--,--,0,--,--,--,0,0,1777,65,29,--,--,0:00,0,0:00,No,00:00.0,1,0
Running,5/01/2020 15:06,FALSE,Melbourne Running,16.05,"1,025",1:23:30,161,185,4.9,167,178,5:12,4:38,299,315,1.15,0,0,--,--,--,0,--,--,--,0,0,--,--,--,--,--,0:00,0,0:00,No,00:13.2,17,0
Virtual Cycling,4/01/2020 7:26,FALSE,Zwift - Watopia,72.48,"1,286",2:19:39,--,--,0,--,--,31.1,67,572,--,0,0,0,77,107,171,0,183,164,474,0,0,--,--,--,--,--,0:00,0,0:00,No,00:00.0,1,0
Cycling,2/01/2020 7:17,FALSE,Maroochydore Cycling,51.94,877,1:46:17,136,155,3,--,--,29.3,54.1,"1,075","1,084",0,0,0,75,100,--,0,--,--,--,0,0,7763,--,--,--,--,0:00,0,0:00,No,00:00.0,1,0
Cycling,31/12/2019 8:42,FALSE,Maroochydore Cycling,25.77,395,1:11:45,109,138,1,--,--,21.5,41.1,580,651,0,0,0,63,100,--,0,--,--,--,0,0,3914,--,--,--,--,0:00,0,0:00,No,00:00.0,1,0
Running,30/12/2019 7:00,FALSE,Maroochydore Running,11.07,678,0:58:11,153,169,4,169,179,5:15,4:14,422,445,1.13,0,0,--,--,--,0,--,--,--,0,0,--,--,--,--,--,0:00,0,0:00,No,02:33.2,12,0
Cycling,29/12/2019 5:54,FALSE,Maroochydore Cycling,84.47,"1,318",2:54:12,133,164,2.8,--,--,29.1,51.7,"1,694","1,705",0,0,0,74,104,--,0,--,--,--,0,0,12461,--,--,--,--,0:00,0,0:00,No,00:00.0,1,0
Open Water Swimming,28/12/2019 10:23,FALSE,Queensland Open Water Swimming,"2,515",445,0:46:03,--,--,--,--,--,1:50,0:41,--,--,0,0,0,--,--,--,0,--,--,--,0,0,1504,42,32,--,--,0:00,0,0:00,No,00:17.1,6,0
Cycling,27/12/2019 5:59,FALSE,Maroochydore Cycling,74.12,"1,094",2:48:36,124,155,2.2,--,--,26.4,45.9,"1,232","1,304",0,0,0,72,99,--,0,--,--,--,0,0,11303,--,--,--,--,0:00,0,0:00,No,00:00.0,1,0
Running,26/12/2019 16:56,FALSE,Maroochydore Running,7.7,480,0:39:36,157,173,3.8,169,189,5:09,4:27,253,286,1.15,0,0,--,--,--,0,--,--,--,0,0,--,--,--,--,--,0:00,0,0:00,No,03:52.7,8,0
Cycling,26/12/2019 6:41,FALSE,Maroochydore Cycling,81.12,"1,398",2:49:35,138,161,3.1,--,--,28.7,50.1,"1,616","1,692",0,0,0,75,102,--,0,--,--,--,0,0,12112,--,--,--,--,0:00,0,0:00,No,00:00.0,1,0
Running,25/12/2019 7:02,FALSE,Maroochydore Running,9.03,553,0:47:30,151,173,3.7,169,177,5:16,4:10,328,309,1.13,0,0,--,--,--,0,--,--,--,0,0,--,--,--,--,--,0:00,0,0:00,No,00:09.7,10,0
Running,24/12/2019 6:24,FALSE,Melbourne Running,8.29,505,0:43:32,149,173,3.5,171,181,5:15,4:37,172,171,1.11,0,0,--,--,--,0,--,--,--,0,0,--,--,--,--,--,0:00,0,0:00,No,01:37.1,9,0
Open Water Swimming,23/12/2019 9:57,FALSE,Port Phillip Bay Open Water Swimming,"1,030",183,0:17:31,--,--,--,--,--,1:42,0:49,--,--,0,0,0,--,--,--,0,--,--,--,0,0,558,39,31,--,--,0:00,0,0:00,No,00:48.0,3,0
Running,23/12/2019 9:06,FALSE,Melbourne Running,5.42,299,0:26:34,149,170,3.1,173,182,4:54,4:15,195,179,1.18,0,0,--,--,--,0,--,--,--,0,0,--,--,--,--,--,0:00,0,0:00,No,02:00.5,6,0
Cycling,23/12/2019 5:52,FALSE,Melbourne Cycling,86,"1,177",2:44:53,129,159,2.7,--,--,31.3,47.3,972,982,0,0,0,75,101,--,0,--,--,--,0,0,12075,--,--,--,--,0:00,0,0:00,No,00:00.0,1,0
Running,22/12/2019 9:06,FALSE,Melbourne Running,5.42,319,0:27:27,152,167,3.1,173,182,5:04,4:24,134,159,1.14,0,0,--,--,--,0,--,--,--,0,0,--,--,--,--,--,0:00,0,0:00,No,02:02.1,6,0
Cycling,22/12/2019 5:50,FALSE,Melbourne Cycling,86.46,"1,217",2:49:17,133,167,2.6,--,--,30.6,46.7,"1,157","1,173",0,0,0,75,113,--,0,--,--,--,0,0,12476,--,--,--,--,0:00,0,0:00,No,00:00.0,1,0
Running,21/12/2019 9:10,FALSE,Melbourne Running,5.46,325,0:27:46,153,164,3.2,171,181,5:05,4:35,152,133,1.15,0,0,--,--,--,0,--,--,--,0,0,--,--,--,--,--,0:00,0,0:00,No,02:11.3,6,0
Cycling,21/12/2019 6:02,FALSE,Melbourne Cycling,85.74,"1,201",2:52:07,130,163,2.6,--,--,29.9,49.3,970,"1,005",0,0,0,72,100,--,0,--,--,--,0,0,12058,--,--,--,--,0:00,0,0:00,No,00:00.0,1,0
Running,20/12/2019 8:37,FALSE,Melbourne Running,12.02,777,1:06:23,158,179,4.6,158,185,5:31,3:58,401,421,1.14,0,0,--,--,--,0,--,--,--,0,0,--,--,--,--,--,0:00,0,0:00,No,00:14.9,32,0
Cycling,19/12/2019 5:23,FALSE,Melbourne Cycling,54.36,937,1:43:26,144,182,4,--,--,31.5,49.6,836,893,0,0,0,--,--,--,0,--,--,--,0,0,--,--,--,--,--,0:00,0,0:00,No,00:00.0,1,0
Pool Swimming,18/12/2019 5:48,FALSE,Lap Swimming,"3,350",554,1:12:32,--,--,--,--,--,1:56,0:41,--,--,0,0,0,--,--,--,0,--,--,--,0,0,1813,43,28,--,--,0:00,0,0:00,No,00:00.0,1,0
Virtual Cycling,17/12/2019 17:54,FALSE,Zwift - London,27.48,485,0:56:45,--,--,0,--,--,29,78.5,254,--,0,0,0,75,93,159,0,179,149,327,0,0,--,--,--,--,--,0:00,0,0:00,No,00:00.0,1,0
Running,17/12/2019 5:47,FALSE,Melbourne Running,11.63,743,1:10:06,149,179,3.4,145,181,6:02,4:10,317,323,1.21,0,0,--,--,--,0,--,--,--,0,0,--,--,--,--,--,0:00,0,0:00,No,01:06.8,19,0
Cycling,15/12/2019 7:28,FALSE,Melbourne Cycling,101.75,"1,473",3:25:55,132,164,3,--,--,29.6,56.4,"1,448","1,553",0,0,0,--,--,--,0,--,--,--,0,0,--,--,--,--,--,0:00,0,0:00,No,00:00.0,1,0
Running,14/12/2019 15:10,FALSE,Melbourne Running,14.01,863,1:13:56,157,177,4.5,166,239,5:17,4:41,338,367,1.14,0,0,--,--,--,0,--,--,--,0,0,--,--,--,--,--,0:00,0,0:00,No,00:06.2,15,0
Pool Swimming,13/12/2019 5:45,FALSE,Lap Swimming,"3,500",635,1:16:31,--,--,--,--,--,1:56,1:39,--,--,0,0,0,--,--,--,0,--,--,--,0,0,2016,87,30,--,--,0:00,0,0:00,No,00:00.0,1,0
Running,12/12/2019 18:42,FALSE,Melbourne Running,12,757,1:03:14,159,182,4.3,167,177,5:16,4:50,210,210,1.14,0,0,--,--,--,0,--,--,--,0,0,--,--,--,--,--,0:00,0,0:00,No,05:08.0,12,0
Cycling,12/12/2019 5:25,FALSE,Melbourne Cycling,43.58,569,1:28:29,113,165,2.8,--,--,29.6,42.5,745,801,0,0,0,--,--,--,0,--,--,--,0,0,--,--,--,--,--,0:00,0,0:00,No,00:00.0,1,0
Pool Swimming,11/12/2019 5:48,FALSE,Lap Swimming,"3,900",753,1:10:05,--,--,--,--,--,1:23,0:27,--,--,0,0,0,--,--,--,0,--,--,--,0,0,1315,58,24,--,--,0:00,0,0:00,No,00:00.0,1,0
Virtual Cycling,10/12/2019 19:27,FALSE,Zwift - London,25.21,389,0:50:15,--,--,0,--,--,30.1,59.2,126,--,0,0,0,81,107,145,0,160,135,289,0,0,--,--,--,--,--,0:00,0,0:00,No,00:00.0,1,0
Pool Swimming,9/12/2019 18:15,FALSE,Lap Swimming,"3,850",736,1:13:17,--,--,--,--,--,1:42,0:30,--,--,0,0,0,--,--,--,0,--,--,--,0,0,1656,72,25,--,--,0:00,0,0:00,No,00:00.0,1,0
Multisport,8/12/2019 8:02,FALSE,Port Phillip Bay Multi-Sport,52.42,"1,515",2:31:39,--,188,5,--,--,20.7,--,885,874,0,0,0,--,--,--,0,--,--,--,0,0,--,--,--,--,--,0:00,0,0:00,No,00:00.0,5,0
Cycling,7/12/2019 6:28,FALSE,Melbourne Cycling,121.22,"1,988",4:22:46,141,170,3.4,--,--,27.7,55,"2,092","2,222",0,0,0,--,--,--,0,--,--,--,0,0,--,--,--,--,--,0:00,0,0:00,No,00:00.0,1,0
Running,5/12/2019 18:03,FALSE,Melbourne Running,12.36,728,1:03:16,155,171,3.7,169,179,5:07,4:29,374,423,1.15,0,0,--,--,--,0,--,--,--,0,0,--,--,--,--,--,0:00,0,0:00,No,00:15.0,14,0
Cycling,5/12/2019 5:32,FALSE,Melbourne Cycling,41.75,769,1:21:17,143,176,3.6,--,--,30.8,44.1,"1,184","1,092",0,0,0,--,--,--,0,--,--,--,0,0,--,--,--,--,--,0:00,0,0:00,No,00:00.0,1,0
Pool Swimming,4/12/2019 5:45,FALSE,Lap Swimming,"3,400",618,1:15:55,--,--,--,--,--,1:55,1:03,--,--,0,0,0,--,--,--,0,--,--,--,0,0,1861,85,28,--,--,0:00,0,0:00,No,00:00.0,1,0
Running,3/12/2019 5:48,FALSE,Melbourne Running,13.13,753,1:14:10,148,184,3.3,157,195,5:39,3:14,378,392,1.2,0,0,--,--,--,0,--,--,--,0,0,--,--,--,--,--,0:00,0,0:00,No,01:06.5,25,0
Pool Swimming,2/12/2019 18:15,FALSE,Lap Swimming,"4,150",788,1:11:11,--,--,--,--,--,1:31,0:24,--,--,0,0,0,--,--,--,0,--,--,--,0,0,1854,68,29,--,--,0:00,0,0:00,No,00:00.0,1,0
Virtual Cycling,2/12/2019 5:42,FALSE,Zwift - NYC,32.69,646,1:18:00,--,--,0,--,--,25.1,77.2,604,--,0,0,0,64,89,153,0,168,144,379,0,0,--,--,--,--,--,0:00,0,0:00,No,00:00.0,1,0
Running,1/12/2019 8:03,FALSE,Melbourne Running,15.63,961,1:24:08,154,178,4.1,169,179,5:23,4:41,268,277,1.1,0,0,--,--,--,0,--,--,--,0,0,--,--,--,--,--,0:00,0,0:00,No,03:19.2,16,0
Cycling,30/11/2019 6:25,FALSE,Melbourne Cycling,115.66,"1,732",4:08:34,126,168,3.1,--,--,27.9,56.6,"1,900","2,007",0,0,0,--,--,--,0,--,--,--,0,0,--,--,--,--,--,0:00,0,0:00,No,00:00.0,1,0
Running,28/11/2019 18:27,FALSE,Melbourne Running,11.5,657,1:04:14,146,171,3.4,155,182,5:35,4:02,365,388,1.52,0,0,--,--,--,0,--,--,--,0,0,--,--,--,--,--,0:00,0,0:00,No,00:23.4,17,0
Cycling,28/11/2019 5:24,FALSE,Melbourne Cycling,43.62,767,1:28:44,135,173,3.3,--,--,29.5,45.3,742,806,0,0,0,--,--,--,0,--,--,--,0,0,--,--,--,--,--,0:00,0,0:00,No,00:00.0,1,0
Pool Swimming,27/11/2019 5:45,FALSE,Lap Swimming,"3,450",623,1:10:09,--,--,--,--,--,1:51,0:25,--,--,0,0,0,--,--,--,0,--,--,--,0,0,1814,82,28,--,--,0:00,0,0:00,No,00:00.0,1,0
Running,26/11/2019 5:47,FALSE,Melbourne Running,13.02,824,1:18:16,154,190,3.9,146,191,6:00,3:17,407,424,1.15,0,0,--,--,--,0,--,--,--,0,0,--,--,--,--,--,0:00,0,0:00,No,00:33.3,33,0
Pool Swimming,25/11/2019 18:17,FALSE,Lap Swimming,"3,700",691,1:15:28,--,--,--,--,--,1:45,0:30,--,--,0,0,0,--,--,--,0,--,--,--,0,0,1738,76,27,--,--,0:00,0,0:00,No,00:00.0,1,0
Running,24/11/2019 8:27,FALSE,Melbourne Running,14.02,869,1:14:29,157,179,4,167,174,5:19,4:51,432,441,1.12,0,0,--,--,--,0,--,--,--,0,0,--,--,--,--,--,0:00,0,0:00,No,00:07.3,15,0
Open Water Swimming,24/11/2019 7:13,FALSE,Port Phillip Bay Open Water Swimming,"1,929",349,0:39:33,--,--,--,--,--,2:03,0:06,--,--,0,0,0,--,--,--,0,--,--,--,0,0,1125,45,28,--,--,0:00,0,0:00,No,08:36.1,4,0
Running,23/11/2019 10:39,FALSE,Melbourne Running,3.03,158,0:15:20,140,153,2.2,172,179,5:03,4:08,76,113,1.15,0,0,--,--,--,0,--,--,--,0,0,--,--,--,--,--,0:00,0,0:00,No,00:09.6,4,0
Cycling,23/11/2019 6:33,FALSE,Melbourne Cycling,102,"1,718",3:27:01,136,171,3.2,--,--,29.6,52.6,"1,866","1,863",0,0,0,--,--,--,0,--,--,--,0,0,--,--,--,--,--,0:00,0,0:00,No,00:00.0,1,0
Pool Swimming,22/11/2019 5:46,FALSE,Lap Swimming,"3,700",695,1:14:12,--,--,--,--,--,1:51,0:31,--,--,0,0,0,--,--,--,0,--,--,--,0,0,1919,81,28,--,--,0:00,0,0:00,No,00:00.0,1,0
Running,21/11/2019 18:07,FALSE,Melbourne Running,11.01,706,1:07:18,149,165,3.4,146,179,6:07,4:08,209,197,1.14,0,0,--,--,--,0,--,--,--,0,0,--,--,--,--,--,0:00,0,0:00,No,00:01.5,19,0
Cycling,19/11/2019 5:22,FALSE,Melbourne Cycling,34.08,555,1:08:11,133,159,2.7,--,--,30,47.7,480,480,0,0,0,--,--,--,0,--,--,--,0,0,--,--,--,--,--,0:00,0,0:00,No,00:00.0,1,0
Pool Swimming,18/11/2019 18:15,FALSE,Lap Swimming,"3,800",708,1:15:17,--,--,--,--,--,1:43,0:26,--,--,0,0,0,--,--,--,0,--,--,--,0,0,1845,76,28,--,--,0:00,0,0:00,No,00:00.0,1,0
Running,17/11/2019 8:14,FALSE,Melbourne Running,13.01,789,1:08:52,155,180,4.1,170,181,5:18,4:31,270,284,1.11,0,0,--,--,--,0,--,--,--,0,0,--,--,--,--,--,0:00,0,0:00,No,00:02.8,14,0
Running,16/11/2019 10:04,FALSE,Melbourne Running,3.02,168,0:15:42,145,167,2.5,172,181,5:12,4:44,69,116,1.12,0,0,--,--,--,0,--,--,--,0,0,--,--,--,--,--,0:00,0,0:00,No,00:07.4,4,0
Cycling,16/11/2019 6:23,FALSE,Melbourne Cycling,99.65,"1,865",3:15:49,152,189,4.4,--,--,30.5,56.8,"1,509","1,593",0,0,0,--,--,--,0,--,--,--,0,0,--,--,--,--,--,0:00,0,0:00,No,00:00.0,1,0
Running,15/11/2019 6:01,FALSE,Melbourne Running,10.3,628,0:56:26,152,183,3.7,161,194,5:29,3:36,234,252,1.14,0,0,--,--,--,0,--,--,--,0,0,--,--,--,--,--,0:00,0,0:00,No,00:29.3,15,0
Cycling,14/11/2019 5:24,FALSE,Melbourne Cycling,48.86,856,1:31:43,142,185,4,--,--,32,43.8,589,644,0,0,0,--,--,--,0,--,--,--,0,0,--,--,--,--,--,0:00,0,0:00,No,00:00.0,1,0
Pool Swimming,13/11/2019 5:45,FALSE,Lap Swimming,"3,950",799,1:12:00,--,--,--,--,--,1:36,0:31,--,--,0,0,0,--,--,--,0,--,--,--,0,0,1697,70,27,--,--,0:00,0,0:00,No,00:00.0,1,0
Running,12/11/2019 5:47,FALSE,Melbourne Running,10.66,647,0:57:36,156,175,3.6,163,193,5:24,3:18,321,336,1.13,0,0,--,--,--,0,--,--,--,0,0,--,--,--,--,--,0:00,0,0:00,No,00:33.7,25,0
Pool Swimming,11/11/2019 18:15,FALSE,Lap Swimming,"4,300",855,1:17:16,--,--,--,--,--,1:37,0:24,--,--,0,0,0,--,--,--,0,--,--,--,0,0,1833,70,26,--,--,0:00,0,0:00,No,00:00.0,1,0
Virtual Cycling,11/11/2019 6:20,FALSE,Zwift - Rachel Madden's Meetup - 2018 UCI Worlds Short Lap,17.73,426,0:44:11,--,--,0,--,--,24.1,83.1,431,--,0,0,0,67,83,174,0,184,168,382,0,0,--,--,--,--,--,0:00,0,0:00,No,00:00.0,1,0
Virtual Cycling,11/11/2019 6:01,FALSE,Zwift - Innsbruck,5.91,86,0:15:46,--,--,0,--,--,22.5,58.2,64,--,0,0,0,58,75,101,0,--,98,423,0,0,--,--,--,--,--,0:00,0,0:00,No,00:00.0,1,0
Running,10/11/2019 9:09,FALSE,Melbourne Running,15.01,924,1:21:15,157,171,4.3,163,183,5:25,4:38,331,350,1.14,0,0,--,--,--,0,--,--,--,0,0,--,--,--,--,--,0:00,0,0:00,No,00:02.5,16,0
Cycling,9/11/2019 6:25,FALSE,Melbourne Cycling,102.08,"1,799",3:39:20,140,166,3.4,--,--,27.9,48.8,"1,643","1,636",0,0,0,--,--,--,0,--,--,--,0,0,--,--,--,--,--,0:00,0,0:00,No,00:00.0,1,0
Pool Swimming,8/11/2019 5:45,FALSE,Lap Swimming,"3,400",626,1:15:01,--,--,--,--,--,1:51,0:39,--,--,0,0,0,--,--,--,0,--,--,--,0,0,1779,82,28,--,--,0:00,0,0:00,No,00:00.0,1,0
Virtual Cycling,7/11/2019 5:30,FALSE,Zwift - London,31.23,561,1:02:23,--,--,0,--,--,30,78.1,262,--,0,0,0,66,80,168,0,187,159,348,0,0,--,--,--,--,--,0:00,0,0:00,No,00:00.0,1,0
Pool Swimming,6/11/2019 5:45,FALSE,Lap Swimming,"3,350",635,1:16:53,--,--,--,--,--,1:49,0:25,--,--,0,0,0,--,--,--,0,--,--,--,0,0,1698,80,28,--,--,0:00,0,0:00,No,00:00.0,1,0
Cycling,5/11/2019 7:14,FALSE,Melbourne Cycling,71.1,996,2:29:13,120,166,2.5,--,--,28.6,41.8,"1,322","1,302",0,0,0,--,--,--,0,--,--,--,0,0,--,--,--,--,--,0:00,0,0:00,No,00:00.0,1,0
Running,4/11/2019 7:25,FALSE,Melbourne Running,13.02,803,1:07:47,159,185,4.6,171,181,5:12,4:26,296,312,1.13,0,0,--,--,--,0,--,--,--,0,0,--,--,--,--,--,0:00,0,0:00,No,00:07.6,14,0
Running,3/11/2019 10:46,FALSE,Melbourne Running,3.05,154,0:14:40,140,151,2.3,174,185,4:49,4:17,66,72,1.19,0,0,--,--,--,0,--,--,--,0,0,--,--,--,--,--,0:00,0,0:00,No,00:13.9,4,0
Cycling,3/11/2019 6:54,FALSE,Melbourne Cycling,101.33,"1,626",3:22:17,141,168,3.2,--,--,30.1,45.3,"1,543","1,606",0,0,0,--,--,--,0,--,--,--,0,0,--,--,--,--,--,0:00,0,0:00,No,00:00.0,1,0
Pool Swimming,1/11/2019 5:44,FALSE,Lap Swimming,"3,500",652,1:15:41,--,--,--,--,--,1:56,0:35,--,--,0,0,0,--,--,--,0,--,--,--,0,0,2035,87,30,--,--,0:00,0,0:00,No,00:00.0,1,0
Running,31/10/2019 6:00,FALSE,Melbourne Running,11.05,708,0:57:49,162,179,4.7,169,179,5:14,4:34,319,310,1.13,0,0,--,--,--,0,--,--,--,0,0,--,--,--,--,--,0:00,0,0:00,No,00:16.3,12,0
Pool Swimming,30/10/2019 5:48,FALSE,Lap Swimming,"4,450",884,1:12:12,--,--,--,--,--,1:21,0:29,--,--,0,0,0,--,--,--,0,--,--,--,0,0,1426,56,24,--,--,0:00,0,0:00,No,00:00.0,1,0
Cycling,29/10/2019 5:29,FALSE,Melbourne Cycling,39.45,690,1:16:37,138,174,3.2,--,--,30.9,45.8,629,678,0,0,0,--,--,--,0,--,--,--,0,0,--,--,--,--,--,0:00,0,0:00,No,00:00.0,1,0
Open Water Swimming,28/10/2019 18:25,FALSE,Port Phillip Bay Open Water Swimming,"1,060",189,0:43:12,--,--,--,--,--,4:04,0:16,--,--,0,0,0,--,--,--,0,--,--,--,0,0,1355,93,31,--,--,0:00,0,0:00,No,11:39.4,3,0
Cycling,27/10/2019 6:59,FALSE,Melbourne Cycling,96.44,"1,556",3:10:10,140,175,3.2,--,--,30.4,43.6,"1,477","1,446",0,0,0,--,--,--,0,--,--,--,0,0,--,--,--,--,--,0:00,0,0:00,No,00:00.0,1,0
Running,26/10/2019 7:57,FALSE,Melbourne Running,12.12,718,1:02:37,154,171,4.1,169,178,5:10,4:35,313,337,1.15,0,0,--,--,--,0,--,--,--,0,0,--,--,--,--,--,0:00,0,0:00,No,00:35.0,13,0
Running,24/10/2019 18:33,FALSE,Melbourne Running,9.08,643,0:53:04,162,183,4.5,142,183,5:51,4:04,282,304,1.22,0,0,--,--,--,0,--,--,--,0,0,--,--,--,--,--,0:00,0,0:00,No,00:28.1,23,0
Cycling,24/10/2019 5:27,FALSE,Melbourne Cycling,52.3,"1,109",1:38:14,156,184,5,--,--,32,47.9,925,999,0,0,0,--,--,--,0,--,--,--,0,0,--,--,--,--,--,0:00,0,0:00,No,00:00.0,1,0
Virtual Cycling,22/10/2019 18:59,FALSE,Zwift,21.47,420,0:55:36,--,--,0,--,--,23.2,78.6,395,--,0,0,0,66,88,142,0,149,131,273,0,0,--,--,--,--,--,0:00,0,0:00,No,00:10.0,22,0
Running,22/10/2019 5:46,FALSE,Melbourne Running,13.17,805,1:12:14,152,168,3.9,165,189,5:29,3:36,597,531,1.1,0,0,--,--,--,0,--,--,--,0,0,--,--,--,--,--,0:00,0,0:00,No,00:36.1,25,0
Running,11/10/2019 7:37,FALSE,Hawaii County Running,10.09,627,0:54:33,153,188,4.1,164,183,5:25,4:18,330,307,1.13,0,0,--,--,--,0,--,--,--,0,0,--,--,--,--,--,0:00,0,0:00,No,00:24.5,11,0
Open Water Swimming,10/10/2019 8:26,FALSE,Hawaii County Open Water Swimming,973,171,0:18:14,--,--,--,--,--,1:52,0:59,--,--,0,0,0,--,--,--,0,--,--,--,0,0,563,43,30,--,--,0:00,0,0:00,No,08:53.3,2,0
Running,10/10/2019 7:11,FALSE,Hawaii County Running,4.36,266,0:27:28,140,165,2.4,154,181,6:18,4:45,127,121,1.02,0,0,--,--,--,0,--,--,--,0,0,--,--,--,--,--,0:00,0,0:00,No,03:01.5,5,0
Running,9/10/2019 7:22,FALSE,Hawaii County Running,10.01,631,0:53:35,155,185,4.2,169,179,5:21,4:48,330,337,1.1,0,0,--,--,--,0,--,--,--,0,0,--,--,--,--,--,0:00,0,0:00,No,00:04.3,11,0
Open Water Swimming,7/10/2019 8:08,FALSE,Hawaii County Open Water Swimming,"3,060",539,0:59:35,--,--,--,--,--,1:57,0:45,--,--,0,0,0,--,--,--,0,--,--,--,0,0,1883,45,31,--,--,0:00,0,0:00,No,01:09.8,7,0
Running,6/10/2019 7:02,FALSE,Hawaii County Running,9.03,563,0:48:20,154,172,3.9,168,177,5:21,4:47,276,275,1.11,0,0,--,--,--,0,--,--,--,0,0,--,--,--,--,--,0:00,0,0:00,No,00:10.8,10,0
