Activity Type,Date,Favorite,Title,Distance,Calories,Time,Avg HR,Max HR,Aerobic TE,Avg Run Cadence,Max Run Cadence,Avg Speed,Max Speed,Elev Gain,Elev Loss,Avg Stride Length,Avg Vertical Ratio,Avg Vertical Oscillation,Avg Ground Contact Time,Avg GCT Balance,Avg Bike Cadence,Max Bike Cadence,Normalized Power® (NP®),Training Stress Score®,Max Avg Power (20 min),Avg Power,Max Power,Grit,Flow,Total Strokes,Avg. Swolf,Avg Stroke Rate,Avg Resp,Bottom Time,Min Temp,Surface Interval,Decompression,Best Lap Time,Number of Laps,Max Temp,Min Resp,Max Resp
Road Cycling,27-07-19 7:42,FALSE,Melbourne Road Cycling,60.95,952,2:09:50,144,167,5,--,--,28.2,48.9,196,198,0,0,0,--,--,71,100,151,94.7,142,126,586,0,0,8076,--,--,33,0:00,8,0:00,No,01:35.7,61,0,22,41
Cycling,20-07-19 7:35,FALSE,Melbourne Cycling,60.94,"1,001",2:19:53,144,172,--,--,--,26.1,58.2,311,300,0,0,0,--,--,69,96,155,140.4,148,123,492,0,0,8240,--,--,--,0:00,6,0:00,No,01:27.4,61,0,--,--
Cycling,06-07-19 7:37,FALSE,Melbourne Cycling,48.27,"1,090",2:25:13,142,172,--,--,--,19.9,52.1,851,857,0,0,0,--,--,63,97,164,162,181,128,516,0,0,7194,--,--,--,0:00,7,0:00,No,00:55.3,49,0,--,--
Cycling,30-06-19 8:03,FALSE,Melbourne Cycling,29.35,504,1:07:17,124,148,--,--,--,26.2,44.5,150,170,0,0,0,--,--,72,94,150,62.6,137,128,390,0,0,4563,--,--,--,0:00,8,0:00,No,00:56.3,30,0,--,--
Walking,27-06-19 16:52,FALSE,Melbourne Walking,7.94,495,1:40:07,--,--,--,114,238,12:37,9:49,7,9,0.69,0,0,--,--,--,--,--,0,--,--,--,0,0,--,--,--,--,0:00,19,0:00,No,38:12.3,2,0,--,--
Cycling,23-06-19 7:05,FALSE,Melbourne Cycling,37.29,601,1:26:32,128,152,--,--,--,25.9,39.7,152,159,0,0,0,--,--,74,96,144,74.4,135,119,400,0,0,5898,--,--,--,0:00,4,0:00,No,00:54.4,38,0,--,--
Walking,16-06-19 7:43,FALSE,Melbourne Walking,5.29,325,1:01:14,--,--,--,118,127,11:34,8:56,1,3,0.73,0,0,--,--,--,--,--,0,--,--,--,0,0,--,--,--,--,0:00,14,0:00,No,03:28.6,2,0,--,--
Cycling,15-06-19 7:06,FALSE,Melbourne Cycling,40.35,669,1:30:45,125,147,--,--,--,26.7,37.9,163,169,0,0,0,--,--,73,101,154,88.9,151,126,543,0,0,6045,--,--,--,0:00,7,0:00,No,01:19.1,41,0,--,--
Multisport,09-06-19 8:03,FALSE,Cairns Multi-Sport,224.8,"4,554",14:52:18,--,155,--,--,--,15.1,--,"1,017","1,084",0,0,0,--,--,--,--,--,0,--,--,--,0,0,--,--,--,--,0:00,0,0:00,No,00:00.0,5,0,--,--
Open Water Swimming,08-06-19 11:27,FALSE,Cairns Open Water Swimming,619,131,0:14:19,115,122,1.5,--,--,2:19,0:24,--,--,0,0,0,--,--,--,--,--,0,--,--,--,0,0,393,51,27,--,0:00,21,0:00,No,00:00.0,1,0,--,--
Cycling,08-06-19 9:11,FALSE,Cairns Cycling,27.61,336,1:00:39,113,133,--,--,--,27.3,38.8,61,52,0,0,0,--,--,74,95,115,33.4,113,96,534,0,0,3717,--,--,--,0:00,20,0:00,No,01:33.8,28,0,--,--
Running,07-06-19 10:22,FALSE,Cairns Running,5.02,330,0:33:04,127,151,2.3,159,211,6:35,5:14,2,2,0.91,9.4,8.5,290,49.7% L / 50.3% R,--,--,--,0,--,--,--,0,0,--,--,--,--,0:00,23,0:00,No,00:16.1,6,0,--,--
Cycling,07-06-19 7:07,FALSE,Cairns Cycling,26.02,310,1:07:58,108,130,--,--,--,23,37.8,20,31,0,0,0,--,--,66,92,100,28,97,79,536,0,0,3775,--,--,--,0:00,17,0:00,No,00:07.8,27,0,--,--
Treadmill Running,05-06-19 13:23,FALSE,Treadmill Running,5.05,363,0:35:47,124,145,2.1,154,165,7:05,6:02,--,--,0.93,11.1,10.4,306,50.7% L / 49.3% R,--,--,--,0,--,--,--,0,0,--,--,--,--,0:00,24,0:00,No,00:22.0,6,0,--,--
Pool Swimming,03-06-19 6:04,FALSE,Lap Swimming,"4,000","1,000",1:15:39,--,--,--,--,--,1:54,1:33,--,--,0,0,0,--,--,--,--,--,0,--,--,--,0,0,1806,32,24,--,0:00,0,0:00,No,18:10.1,4,0,--,--
Running,02-06-19 7:21,FALSE,Melbourne Running,20.18,"1,255",2:06:31,136,156,3,155,188,6:16,4:50,22,35,1,9.6,9.6,295,50.7% L / 49.3% R,--,--,--,0,--,--,--,0,0,--,--,--,--,0:00,15,0:00,No,01:24.7,21,0,--,--
Indoor Cycling,01-06-19 7:06,FALSE,Indoor Cycling,0,"1,156",3:00:13,112,134,2.1,--,--,--,--,--,--,0,0,0,--,--,--,--,--,0,--,--,--,0,0,--,--,--,--,0:00,24,0:00,No,00:00.0,1,0,--,--
Pool Swimming,31-05-19 6:04,FALSE,Lap Swimming,"3,200",800,0:59:27,--,--,--,--,--,1:51,1:35,--,--,0,0,0,--,--,--,--,--,0,--,--,--,0,0,1520,32,26,--,0:00,0,0:00,No,04:19.2,5,0,--,--
Treadmill Running,30-05-19 11:52,FALSE,Treadmill Running,5.05,363,0:35:46,123,145,2.1,153,164,7:05,5:46,1,--,0.93,11.1,10.4,308,50.7% L / 49.3% R,--,--,--,0,--,--,--,0,0,--,--,--,--,0:00,24,0:00,No,00:21.6,6,0,--,--
Treadmill Running,29-05-19 12:05,FALSE,Treadmill Running,5.05,370,0:34:12,127,150,2.3,154,163,6:46,5:30,3,6,0.96,10.5,10.3,307,50.6% L / 49.4% R,--,--,--,0,--,--,--,0,0,--,--,--,--,0:00,23,0:00,No,00:19.5,6,0,--,--
Pool Swimming,29-05-19 6:03,FALSE,Lap Swimming,"3,200",800,0:56:41,--,--,--,--,--,1:46,1:34,--,--,0,0,0,--,--,--,--,--,0,--,--,--,0,0,1461,30,26,--,0:00,0,0:00,No,03:48.3,4,0,--,--
Treadmill Running,28-05-19 12:06,FALSE,Treadmill Running,5.05,365,0:35:08,127,137,2.1,152,163,6:58,5:48,6,--,0.94,11.2,10.7,313,50.7% L / 49.3% R,--,--,--,0,--,--,--,0,0,--,--,--,--,0:00,24,0:00,No,00:19.8,6,0,--,--
Pool Swimming,27-05-19 6:04,FALSE,Lap Swimming,"2,200",550,0:43:53,--,--,--,--,--,2:00,1:43,--,--,0,0,0,--,--,--,--,--,0,--,--,--,0,0,1094,34,25,--,0:00,0,0:00,No,03:03.9,3,0,--,--
Running,26-05-19 7:06,FALSE,Melbourne Running,34.11,"1,969",4:17:01,123,148,3,145,184,7:32,5:00,94,97,0.89,10.2,9,340,50.8% L / 49.2% R,--,--,--,0,--,--,--,0,0,--,--,--,--,0:00,12,0:00,No,00:44.4,35,0,--,--
Running,25-05-19 15:50,FALSE,Melbourne Running,10.21,831,1:12:04,139,155,3,146,173,7:04,5:00,26,31,0.94,10.3,9.7,315,50.6% L / 49.4% R,--,--,--,0,--,--,--,0,0,--,--,--,--,0:00,19,0:00,No,01:35.8,11,0,--,--
Cycling,25-05-19 6:11,FALSE,Melbourne Cycling,202.09,"3,187",7:39:59,138,163,--,--,--,26.4,56.1,"1,044","1,523",0,0,0,--,--,61,102,147,0,151,117,596,0,0,--,--,--,--,0:00,12,0:00,No,01:03.9,203,0,--,--
Running,23-05-19 12:15,FALSE,Melbourne Running,5.07,340,0:28:19,136,160,3,160,190,5:35,4:12,31,35,1.02,10.5,10.3,281,50.2% L / 49.8% R,--,--,--,0,--,--,--,0,0,--,--,--,--,0:00,23,0:00,No,00:25.2,6,0,--,--
Running,23-05-19 6:50,FALSE,Melbourne Running,2.08,135,0:10:57,138,150,2.3,164,191,5:15,2:03,6,4,1.07,10.1,10,275,50.0% L / 50.0% R,--,--,--,0,--,--,--,0,0,--,--,--,--,0:00,15,0:00,No,00:34.5,3,0,--,--
Cycling,23-05-19 5:17,FALSE,Melbourne Cycling,36.42,623,1:18:48,123,147,--,--,--,27.7,40.5,85,63,0,0,0,--,--,73,96,152,75.4,145,135,586,0,0,5246,--,--,--,0:00,9,0:00,No,01:24.7,37,0,--,--
Open Water Swimming,22-05-19 16:12,FALSE,Port Phillip Bay Open Water Swimming,"2,222",515,0:39:56,--,--,--,--,--,1:48,0:49,--,--,0,0,0,--,--,--,--,--,0,--,--,--,0,0,1248,41,31,--,0:00,15,0:00,No,00:00.0,1,0,--,--
Running,22-05-19 11:50,FALSE,Melbourne Running,5.03,317,0:28:36,136,167,2.6,161,195,5:41,4:34,28,33,1,10.9,10.5,280,49.7% L / 50.3% R,--,--,--,0,--,--,--,0,0,--,--,--,--,0:00,22,0:00,No,00:14.9,6,0,--,--
Running,21-05-19 6:52,FALSE,Melbourne Running,2.05,152,0:12:24,136,151,2.3,161,176,6:03,4:13,4,86,0.99,10.7,10.1,283,50.5% L / 49.5% R,--,--,--,0,--,--,--,0,0,--,--,--,--,0:00,16,0:00,No,00:21.1,3,0,--,--
Cycling,21-05-19 5:26,FALSE,Melbourne Cycling,36.34,615,1:17:01,124,142,--,--,--,28.3,41.5,75,68,0,0,0,--,--,71,92,151,72.5,147,136,502,0,0,5084,--,--,--,0:00,10,0:00,No,01:14.8,37,0,--,--
Running,19-05-19 10:58,FALSE,Melbourne Running,10.08,521,1:25:13,111,134,2.1,138,171,8:27,5:53,28,27,0.86,9.8,8.1,359,50.8% L / 49.2% R,--,--,--,0,--,--,--,0,0,--,--,--,--,0:00,16,0:00,No,00:01.0,12,0,--,--
Running,19-05-19 7:29,FALSE,Melbourne Running,22.08,"1,153",2:50:04,116,142,2.1,143,179,7:42,5:27,11,14,0.89,9.8,8.7,343,50.8% L / 49.2% R,--,--,--,0,--,--,--,0,0,--,--,--,--,0:00,15,0:00,No,00:30.5,23,0,--,--
Running,18-05-19 15:43,FALSE,Melbourne Running,8.1,656,0:53:53,143,157,3.1,149,176,6:39,5:12,24,24,0.98,10.1,9.9,325,50.9% L / 49.1% R,--,--,--,0,--,--,--,0,0,--,--,--,--,0:00,20,0:00,No,00:40.7,9,0,--,--
Cycling,18-05-19 6:11,FALSE,Melbourne Cycling,195.24,"3,028",7:31:33,132,158,--,--,--,25.9,51.6,"1,048","1,033",0,0,0,--,--,67,104,143,381.9,136,115,442,0,0,26585,--,--,--,0:00,3,0:00,No,00:52.4,196,0,--,--
Pool Swimming,17-05-19 5:55,FALSE,Lap Swimming,"2,500",749,0:46:00,--,--,--,--,--,1:50,1:03,--,--,1.09,0,0,--,--,--,--,--,0,--,--,--,0,0,1149,32,25,--,0:00,0,0:00,No,09:02.5,3,0,--,--
Running,16-05-19 6:48,FALSE,Melbourne Running,5.1,361,0:29:28,141,155,2.8,158,187,5:47,4:27,32,35,1.01,10.9,10.7,287,50.0% L / 50.0% R,--,--,--,0,--,--,--,0,0,--,--,--,--,0:00,15,0:00,No,00:34.3,6,0,--,--
Open Water Swimming,15-05-19 16:36,FALSE,Port Phillip Bay Open Water Swimming,"1,507",355,0:21:51,--,--,--,--,--,1:27,0:30,--,--,0,0,0,--,--,--,--,--,0,--,--,--,0,0,659,33,30,--,0:00,15,0:00,No,00:00.0,1,0,--,--
Running,15-05-19 12:04,FALSE,Melbourne Running,5.07,310,0:27:09,140,160,3,163,194,5:21,3:58,27,34,1.03,10,9.9,279,50.5% L / 49.5% R,--,--,--,0,--,--,--,0,0,--,--,--,--,0:00,19,0:00,No,00:23.9,6,0,--,--
Running,14-05-19 11:59,FALSE,Melbourne Running,5.11,357,0:29:34,140,157,2.8,161,256,5:47,4:42,29,34,0.98,10.6,10.3,280,50.5% L / 49.5% R,--,--,--,0,--,--,--,0,0,--,--,--,--,0:00,21,0:00,No,00:39.5,6,0,--,--
Running,14-05-19 6:42,FALSE,Melbourne Running,2.08,154,0:12:45,137,153,2.2,161,171,6:08,4:35,3,6,0.96,11.1,9.9,285,50.2% L / 49.8% R,--,--,--,0,--,--,--,0,0,--,--,--,--,0:00,17,0:00,No,00:42.6,3,0,--,--
Cycling,14-05-19 5:18,FALSE,Melbourne Cycling,36.3,608,1:15:53,125,150,--,--,--,28.7,39.8,91,74,0,0,0,--,--,70,97,158,77.9,150,138,587,0,0,4774,--,--,--,0:00,11,0:00,No,01:00.1,37,0,--,--
Running,12-05-19 7:20,FALSE,Melbourne Running,30.08,"1,700",3:31:26,128,144,3,149,187,7:02,5:15,21,33,0.92,10.4,9.6,318,51.1% L / 48.9% R,--,--,--,0,--,--,--,0,0,--,--,--,--,0:00,15,0:00,No,00:39.6,31,0,--,--
Running,11-05-19 15:02,FALSE,Melbourne Running,6.03,441,0:37:42,139,152,3,155,172,6:15,5:02,11,15,1,10.4,10.3,291,50.7% L / 49.3% R,--,--,--,0,--,--,--,0,0,--,--,--,--,0:00,18,0:00,No,00:11.6,7,0,--,--
Cycling,11-05-19 6:40,FALSE,Melbourne Cycling,180.55,"2,825",7:03:55,132,159,--,--,--,25.6,51.3,715,724,0,0,0,--,--,63,90,137,329.5,143,115,485,0,0,24336,--,--,--,0:00,9,0:00,No,01:23.9,181,0,--,--
Pool Swimming,10-05-19 6:00,FALSE,Lap Swimming,"4,220","1,049",1:19:27,--,--,--,--,--,1:53,1:03,--,--,1.06,0,0,--,--,--,--,--,0,--,--,--,0,0,1954,32,25,--,0:00,0,0:00,No,05:10.0,5,0,--,--
Treadmill Running,09-05-19 11:48,FALSE,Treadmill Running,5.05,346,0:32:42,127,154,2.3,155,173,6:28,4:42,5,--,1,10.1,10.3,300,50.7% L / 49.3% R,--,--,--,0,--,--,--,0,0,--,--,--,--,0:00,24,0:00,No,00:20.0,6,0,--,--
Treadmill Running,07-05-19 5:49,FALSE,Treadmill Running,5.05,401,0:33:42,133,158,2.9,154,168,6:40,5:51,1,--,0.97,10.1,10.1,307,50.8% L / 49.2% R,--,--,--,0,--,--,--,0,0,--,--,--,--,0:00,22,0:00,No,00:20.4,6,0,--,--
Open Water Swimming,06-05-19 16:16,FALSE,Port Phillip Bay Open Water Swimming,"2,138",493,0:41:49,--,--,--,--,--,1:57,0:50,--,--,0,0,0,--,--,--,--,--,0,--,--,--,0,0,1211,44,28,--,0:00,16,0:00,No,00:00.0,1,0,--,--
Running,05-05-19 14:38,FALSE,Melbourne Running,4.02,318,0:27:06,136,150,2.6,150,205,6:45,5:14,7,11,0.96,10.7,10.1,307,50.7% L / 49.3% R,--,--,--,0,--,--,--,0,0,--,--,--,--,0:00,19,0:00,No,00:05.6,5,0,--,--
Cycling,05-05-19 6:44,FALSE,Melbourne Cycling,175.35,"2,385",6:37:47,118,145,--,--,--,26.4,42.8,157,150,0,0,0,--,--,66,89,117,225.3,121,104,490,0,0,23899,--,--,--,0:00,11,0:00,No,01:09.2,176,0,--,--
Running,04-05-19 19:42,FALSE,Melbourne Running,4.3,339,0:28:54,135,147,2.5,152,179,6:44,4:42,44,41,0.95,10.3,9.6,318,50.8% L / 49.2% R,--,--,--,0,--,--,--,0,0,--,--,--,--,0:00,17,0:00,No,01:48.8,5,0,--,--
Running,04-05-19 6:57,FALSE,Melbourne Running,25.14,"1,713",2:37:08,145,167,3.3,157,178,6:15,5:00,44,91,1,9.9,9.9,294,50.5% L / 49.5% R,--,--,--,0,--,--,--,0,0,--,--,--,--,0:00,14,0:00,No,00:51.0,26,0,--,--
Treadmill Running,02-05-19 11:51,FALSE,Treadmill Running,5.05,402,0:34:27,134,155,2.8,155,167,6:49,5:00,6,--,0.94,10.6,10.2,304,50.1% L / 49.9% R,--,--,--,0,--,--,--,0,0,--,--,--,--,0:00,26,0:00,No,00:20.4,6,0,--,--
Open Water Swimming,01-05-19 15:20,FALSE,Port Phillip Bay Open Water Swimming,"2,521",580,0:50:16,--,--,--,--,--,2:00,0:52,--,--,0,0,0,--,--,--,--,--,0,--,--,--,0,0,1527,45,30,--,0:00,16,0:00,No,00:00.0,1,0,--,--
Treadmill Running,30-04-19 12:13,FALSE,Treadmill Running,5.05,385,0:34:46,131,140,2.5,153,166,6:53,4:08,10,--,0.95,10.8,10.4,311,50.1% L / 49.9% R,--,--,--,0,--,--,--,0,0,--,--,--,--,0:00,26,0:00,No,00:23.1,6,0,--,--
Running,28-04-19 7:48,FALSE,Melbourne Running,28.17,"1,620",3:24:00,125,148,2.9,147,183,7:15,4:47,40,42,0.9,10.3,9.2,336,50.5% L / 49.5% R,--,--,--,0,--,--,--,0,0,--,--,--,--,0:00,14,0:00,No,01:31.7,29,0,--,--
Running,27-04-19 15:14,FALSE,Melbourne Running,4.07,343,0:26:20,144,153,3.1,154,178,6:28,5:14,10,15,0.97,10.4,10.1,302,50.6% L / 49.4% R,--,--,--,0,--,--,--,0,0,--,--,--,--,0:00,18,0:00,No,00:36.0,5,0,--,--
Cycling,27-04-19 5:55,FALSE,Melbourne Cycling,187.12,"2,911",7:29:42,128,155,--,--,--,25,49.2,"1,009",967,0,0,0,--,--,63,93,135,340.3,129,111,446,0,0,24894,--,--,--,0:00,8,0:00,No,00:37.0,188,0,--,--
Pool Swimming,26-04-19 7:47,FALSE,Lap Swimming,"4,200","1,049",1:18:27,--,--,--,--,--,1:52,1:03,--,--,0,0,0,--,--,--,--,--,0,--,--,--,0,0,1945,32,25,--,0:00,0,0:00,No,04:10.0,5,0,--,--
Open Water Swimming,25-04-19 10:58,FALSE,Port Phillip Bay Open Water Swimming,"1,067",181,0:19:48,118,122,1.5,--,--,1:51,0:48,--,--,0,0,0,--,--,--,--,--,0,--,--,--,0,0,568,41,28,--,0:00,17,0:00,No,00:00.0,1,0,--,--
Running,25-04-19 9:07,FALSE,Melbourne Running,10.28,741,1:01:25,143,160,3.1,157,192,5:59,4:51,8,11,1.05,9.9,10.4,300,50.5% L / 49.5% R,--,--,--,0,--,--,--,0,0,--,--,--,--,0:00,17,0:00,No,01:36.9,11,0,--,--
Cycling,25-04-19 7:39,FALSE,Melbourne Cycling,34.03,605,1:16:37,113,137,--,--,--,26.6,45.3,171,170,0,0,0,--,--,66,83,156,77.2,158,135,408,0,0,4712,--,--,--,0:00,10,0:00,No,00:07.4,35,0,--,--
Running,24-04-19 6:03,FALSE,Melbourne Running,12.07,770,1:17:09,136,156,2.8,154,202,6:24,4:42,49,59,0.97,10.2,9.8,307,50.3% L / 49.7% R,--,--,--,0,--,--,--,0,0,--,--,--,--,0:00,17,0:00,No,00:24.5,13,0,--,--
Running,23-04-19 9:25,FALSE,Melbourne Running,3.07,220,0:18:17,143,156,2.7,156,180,5:58,5:00,1,2,1.04,10.1,10.2,296,49.8% L / 50.2% R,--,--,--,0,--,--,--,0,0,--,--,--,--,0:00,20,0:00,No,00:26.5,4,0,--,--
Cycling,23-04-19 6:36,FALSE,Melbourne Cycling,71.23,"1,078",2:31:10,123,146,--,--,--,28.3,47.4,157,162,0,0,0,--,--,69,95,140,123.9,145,123,574,0,0,9515,--,--,--,0:00,13,0:00,No,00:38.1,72,0,--,--
Open Water Swimming,22-04-19 15:17,FALSE,Port Phillip Bay Open Water Swimming,"2,316",536,0:42:53,--,--,--,--,--,1:51,0:49,--,--,0,0,0,--,--,--,--,--,0,--,--,--,0,0,1214,41,28,--,0:00,18,0:00,No,00:00.0,1,0,--,--
Running,21-04-19 10:26,FALSE,Melbourne Running,12.06,898,1:25:57,143,163,3.3,148,177,7:08,5:12,79,89,0.92,10.5,9.5,327,50.6% L / 49.4% R,--,--,--,0,--,--,--,0,0,--,--,--,--,0:00,26,0:00,No,00:37.7,13,0,--,--
Open Water Swimming,21-04-19 9:08,FALSE,Port Phillip Bay Open Water Swimming,"1,905",441,0:34:58,--,--,--,--,--,1:50,0:40,--,--,0,0,0,--,--,--,--,--,0,--,--,--,0,0,949,40,27,--,0:00,17,0:00,No,00:00.0,1,0,--,--
Running,21-04-19 6:28,FALSE,Port Phillip Bay Running,14.08,869,1:37:17,130,143,2.6,147,248,6:55,5:01,67,68,0.96,10.2,9.6,330,50.7% L / 49.3% R,--,--,--,0,--,--,--,0,0,--,--,--,--,0:00,21,0:00,No,00:27.7,15,0,--,--
Running,20-04-19 14:04,FALSE,Melbourne Running,2.06,201,0:16:10,141,152,2.7,130,226,7:50,4:59,9,8,0.95,10.5,9.6,349,50.9% L / 49.1% R,--,--,--,0,--,--,--,0,0,--,--,--,--,0:00,27,0:00,No,02:16.0,3,0,--,--
Cycling,20-04-19 5:52,FALSE,Melbourne Cycling,189.48,"2,747",6:58:07,133,161,--,--,--,27.2,45.1,317,300,0,0,0,--,--,68,96,129,289.7,127,113,542,0,0,25998,--,--,--,0:00,8,0:00,No,01:30.7,190,0,--,--
Running,19-04-19 8:30,FALSE,Port Phillip Bay Running,5.04,376,0:30:22,150,163,3.5,158,180,6:02,4:51,4,4,1.04,9.9,10.5,282,50.6% L / 49.4% R,--,--,--,0,--,--,--,0,0,--,--,--,--,0:00,17,0:00,No,00:27.6,6,0,--,--
Open Water Swimming,19-04-19 6:39,FALSE,Port Phillip Bay Open Water Swimming,"4,005",874,1:13:39,--,--,--,--,--,1:50,0:51,--,--,0,0,0,--,--,--,--,--,0,--,--,--,0,0,2302,42,31,--,0:00,17,0:00,No,00:00.0,1,0,--,--
Treadmill Running,18-04-19 12:19,FALSE,Treadmill Running,5.05,388,0:32:31,145,173,3.4,156,169,6:26,4:41,2,--,1,10.3,10.4,292,48.5% L / 51.5% R,--,--,--,0,--,--,--,0,0,--,--,--,--,0:00,26,0:00,No,00:17.7,6,0,--,--
Running,18-04-19 6:51,FALSE,Melbourne Running,1.23,88,07:52.1,138,149,2,161,256,6:23,5:12,6,6,0.9,11.6,9.3,287,50.2% L / 49.8% R,--,--,--,0,--,--,--,0,0,--,--,--,--,0:00,17,0:00,No,01:41.0,2,0,--,--
Cycling,18-04-19 5:33,FALSE,Melbourne Cycling,31.08,572,1:09:10,130,150,--,--,--,27,41.2,194,190,0,0,0,--,--,73,93,158,71.1,152,141,518,0,0,4841,--,--,--,0:00,12,0:00,No,00:19.0,32,0,--,--
Open Water Swimming,17-04-19 16:18,FALSE,Port Phillip Bay Open Water Swimming,"1,779",397,0:30:45,--,--,--,--,--,1:44,0:17,--,--,0,0,0,--,--,--,--,--,0,--,--,--,0,0,872,38,28,--,0:00,18,0:00,No,00:00.0,1,0,--,--
Treadmill Running,17-04-19 11:58,FALSE,Treadmill Running,5.04,377,0:32:46,141,171,3.3,155,167,6:30,5:12,4,--,0.99,10.3,10.4,295,48.7% L / 51.3% R,--,--,--,0,--,--,--,0,0,--,--,--,--,0:00,25,0:00,No,00:15.6,6,0,--,--
Treadmill Running,16-04-19 11:55,FALSE,Treadmill Running,5.05,382,0:33:12,142,164,3.4,153,159,6:35,5:05,3,--,1,10.9,11,299,49.0% L / 51.0% R,--,--,--,0,--,--,--,0,0,--,--,--,--,0:00,26,0:00,No,00:19.8,6,0,--,--
Open Water Swimming,15-04-19 16:32,FALSE,Port Phillip Bay Open Water Swimming,"2,108",461,0:37:07,--,--,--,--,--,1:46,0:48,--,--,0,0,0,--,--,--,--,--,0,--,--,--,0,0,1121,40,30,--,0:00,19,0:00,No,00:00.0,1,0,--,--
Running,14-04-19 8:50,FALSE,Melbourne Running,14.16,"1,066",1:38:57,146,160,3.1,147,195,6:59,4:47,32,31,0.93,10,9.2,339,50.8% L / 49.2% R,--,--,--,0,--,--,--,0,0,--,--,--,--,0:00,18,0:00,No,01:12.6,15,0,--,--
Running,14-04-19 6:35,FALSE,Melbourne Running,10.22,676,1:06:32,140,157,3.1,147,181,6:31,4:45,1,6,1.01,10.6,10.6,291,50.5% L / 49.5% R,--,--,--,0,--,--,--,0,0,--,--,--,--,0:00,17,0:00,No,01:42.4,11,0,--,--
Running,13-04-19 13:15,FALSE,Melbourne Running,2.05,169,0:14:41,140,150,2.6,143,171,7:10,5:03,1,--,0.93,10.6,9.4,342,51.3% L / 48.7% R,--,--,--,0,--,--,--,0,0,--,--,--,--,0:00,22,0:00,No,00:26.8,3,0,--,--
Cycling,13-04-19 5:57,FALSE,Melbourne Cycling,160.16,"2,482",5:57:48,140,168,--,--,--,26.9,52.5,681,671,0,0,0,--,--,67,103,144,308.2,143,119,594,0,0,21463,--,--,--,0:00,10,0:00,No,00:41.2,161,0,--,--
Running,11-04-19 6:43,FALSE,Melbourne Running,1.23,77,06:38.4,143,156,2.1,164,180,5:25,4:10,5,6,1,10.2,9.8,270,50.1% L / 49.9% R,--,--,--,0,--,--,--,0,0,--,--,--,--,0:00,18,0:00,No,01:19.6,2,0,--,--
Cycling,11-04-19 5:29,FALSE,Melbourne Cycling,31.78,528,1:06:40,133,157,--,--,--,28.6,50.3,145,141,0,0,0,--,--,70,90,161,71.4,150,136,544,0,0,4312,--,--,--,0:00,11,0:00,No,01:38.8,32,0,--,--
Treadmill Running,10-04-19 12:00,FALSE,Treadmill Running,5.05,369,0:32:59,139,166,3.1,153,183,6:32,5:05,1,--,1,10.5,10.7,304,49.8% L / 50.2% R,--,--,--,0,--,--,--,0,0,--,--,--,--,0:00,25,0:00,No,00:16.6,6,0,--,--
Cycling,07-04-19 6:11,FALSE,Melbourne Cycling,160.31,"2,343",6:10:13,133,161,--,--,--,26,52.7,701,686,0,0,0,--,--,66,96,134,276,144,109,512,0,0,21810,--,--,--,0:00,8,0:00,No,01:18.0,161,0,--,--
Running,06-04-19 9:07,FALSE,Melbourne Running,17.62,"1,250",1:50:48,154,168,4.6,156,184,6:17,4:38,18,30,1.01,9.9,10,295,50.7% L / 49.3% R,--,--,--,0,--,--,--,0,0,--,--,--,--,0:00,19,0:00,No,04:04.9,18,0,--,--
Open Water Swimming,06-04-19 7:43,FALSE,Port Phillip Bay Open Water Swimming,"2,205",478,0:43:45,--,--,--,--,--,1:59,0:43,--,--,0,0,0,--,--,--,--,--,0,--,--,--,0,0,1216,44,27,--,0:00,18,0:00,No,00:00.0,1,0,--,--
Treadmill Running,05-04-19 5:40,FALSE,Treadmill Running,5.06,395,0:33:22,148,158,3.6,155,161,6:36,4:29,--,--,0.98,9.9,9.9,304,50.4% L / 49.6% R,--,--,--,0,--,--,--,0,0,--,--,--,--,0:00,23,0:00,No,00:22.7,6,0,--,--
Treadmill Running,04-04-19 15:53,FALSE,Treadmill Running,5.05,401,0:33:58,144,161,3.6,152,159,6:43,4:31,2,--,0.98,10.6,10.6,308,50.8% L / 49.2% R,--,--,--,0,--,--,--,0,0,--,--,--,--,0:00,27,0:00,No,00:21.0,6,0,--,--
Treadmill Running,02-04-19 11:56,FALSE,Treadmill Running,5.04,364,0:33:28,137,164,3.3,153,162,6:38,4:37,6,--,0.99,10.5,10.5,306,49.4% L / 50.6% R,--,--,--,0,--,--,--,0,0,--,--,--,--,0:00,25,0:00,No,00:18.0,6,0,--,--
Open Water Swimming,31-03-19 8:37,FALSE,Port Phillip Bay Open Water Swimming,"1,593",350,0:25:58,--,--,--,--,--,1:38,0:35,--,--,0,0,0,--,--,--,--,--,0,--,--,--,0,0,679,35,26,--,0:00,16,0:00,No,00:00.0,1,0,--,--
Open Water Swimming,27-03-19 16:22,FALSE,Port Phillip Bay Open Water Swimming,"2,187",478,0:39:20,--,--,--,--,--,1:48,0:45,--,--,0,0,0,--,--,--,--,--,0,--,--,--,0,0,1153,40,29,--,0:00,20,0:00,No,00:00.0,1,0,--,--
Treadmill Running,27-03-19 11:52,FALSE,Treadmill Running,5.04,352,0:32:07,138,172,3.2,156,169,6:22,4:06,4,--,1,10,10.3,296,50.8% L / 49.2% R,--,--,--,0,--,--,--,0,0,--,--,--,--,0:00,26,0:00,No,00:16.2,6,0,--,--
Treadmill Running,26-03-19 12:01,FALSE,Treadmill Running,5.05,358,0:33:22,135,146,3.1,153,162,6:37,4:28,--,3,0.99,10.5,10.6,306,50.7% L / 49.3% R,--,--,--,0,--,--,--,0,0,--,--,--,--,0:00,25,0:00,No,00:21.4,6,0,--,--
Running,24-03-19 8:33,FALSE,Melbourne Running,20.14,"1,299",2:35:07,136,151,3.2,141,186,7:42,4:51,116,110,0.9,9.9,8.7,363,50.3% L / 49.7% R,--,--,--,0,--,--,--,0,0,--,--,--,--,0:00,23,0:00,No,00:56.9,21,0,--,--
Open Water Swimming,24-03-19 7:24,FALSE,Port Phillip Bay Open Water Swimming,"2,226",488,0:38:15,--,--,--,--,--,1:43,0:48,--,--,0,0,0,--,--,--,--,--,0,--,--,--,0,0,1138,39,29,--,0:00,21,0:00,No,00:00.0,1,0,--,--
Cycling,23-03-19 6:47,FALSE,Melbourne Cycling,126.22,"1,701",4:48:09,131,160,--,--,--,26.3,48.7,515,487,0,0,0,--,--,68,103,132,209.2,128,102,546,0,0,16541,--,--,--,0:00,16,0:00,No,00:51.2,127,0,--,--
Treadmill Running,21-03-19 11:44,FALSE,Treadmill Running,5.05,315,0:33:41,125,150,2.4,154,174,6:40,5:12,3,--,0.98,10.8,10.7,297,50.4% L / 49.6% R,--,--,--,0,--,--,--,0,0,--,--,--,--,0:00,26,0:00,No,00:17.7,6,0,--,--
Open Water Swimming,20-03-19 16:35,FALSE,Port Phillip Bay - Open Water Swimming,"2,214",485,0:38:25,--,--,--,--,--,1:44,0:47,--,--,0,0,0,--,--,--,--,--,0,--,--,--,0,0,1132,39,29,--,0:00,21,0:00,No,00:00.0,1,0,--,--
Treadmill Running,20-03-19 12:04,FALSE,Treadmill Running,5.07,392,0:35:38,139,168,3.2,149,175,7:02,4:47,3,--,0.97,10.6,10.5,308,50.1% L / 49.9% R,--,--,--,0,--,--,--,0,0,--,--,--,--,0:00,26,0:00,No,02:09.0,6,0,--,--
Running,17-03-19 8:36,FALSE,Port Phillip Bay - Running,19.4,"1,273",2:26:46,141,160,3.8,142,248,7:34,3:17,114,110,0.9,10,9,349,50.5% L / 49.5% R,--,--,--,0,--,--,--,0,0,--,--,--,--,0:00,20,0:00,No,03:02.4,20,0,--,--
Open Water Swimming,17-03-19 7:30,FALSE,Port Phillip Bay - Open Water Swimming,"2,100",460,0:36:30,--,--,--,--,--,1:44,0:40,--,--,0,0,0,--,--,--,--,--,0,--,--,--,0,0,1108,39,30,--,0:00,20,0:00,No,00:00.0,1,0,--,--
Running,16-03-19 13:52,FALSE,Melbourne - Running,2,189,0:17:30,133,143,2.5,132,256,8:44,5:05,7,6,0.86,9.7,8.1,382,51.0% L / 49.0% R,--,--,--,0,--,--,--,0,0,--,--,--,--,0:00,25,0:00,No,00:03.7,3,0,--,--
Cycling,16-03-19 6:43,FALSE,Melbourne - Cycling,150.79,"1,942",5:49:58,138,167,--,--,--,25.9,54,690,663,0,0,0,--,--,67,102,124,224.5,122,96,587,0,0,20371,--,--,--,0:00,10,0:00,No,01:33.3,151,0,--,--
Running,15-03-19 6:52,FALSE,Melbourne - Running,5.26,365,0:32:26,143,159,3.1,158,196,6:10,4:27,33,33,0.95,10.6,9.9,296,50.0% L / 50.0% R,--,--,--,0,--,--,--,0,0,--,--,--,--,0:00,18,0:00,No,01:26.8,6,0,--,--
Treadmill Running,14-03-19 11:59,FALSE,Treadmill Running,5.04,407,0:34:02,144,170,3.7,154,165,6:45,5:39,4,--,0.96,10.9,10.7,304,52.0% L / 48.0% R,--,--,--,0,--,--,--,0,0,--,--,--,--,0:00,27,0:00,No,00:13.9,6,0,--,--
Running,14-03-19 6:56,FALSE,Melbourne - Running,1.25,93,07:35.5,148,162,2.5,161,178,6:05,5:09,5,7,0.9,11.1,9.4,286,51.4% L / 48.6% R,--,--,--,0,--,--,--,0,0,--,--,--,--,0:00,18,0:00,No,01:30.6,2,0,--,--
Cycling,14-03-19 5:30,FALSE,Melbourne - Cycling,36.35,546,1:16:13,146,161,--,--,--,28.6,41.5,81,67,0,0,0,--,--,74,106,138,59.9,126,123,486,0,0,5101,--,--,--,0:00,12,0:00,No,01:11.1,37,0,--,--
Treadmill Running,12-03-19 12:04,FALSE,Treadmill Running,5.05,403,0:34:10,141,165,3.3,152,163,6:46,5:05,--,2,0.98,11,11,304,50.7% L / 49.3% R,--,--,--,0,--,--,--,0,0,--,--,--,--,0:00,26,0:00,No,00:19.6,6,0,--,--
Other,11-03-19 18:46,FALSE,DYN,0,--,01:14.2,--,--,--,--,--,--,--,--,--,0,0,0,--,--,--,--,--,0,--,--,--,0,0,--,--,--,--,0:00,33,0:00,No,00:08.8,4,0,--,--
Cycling,02-03-19 5:54,FALSE,Melbourne - Cycling,130.51,"1,777",5:06:40,140,164,--,--,--,25.5,49.5,658,657,0,0,0,--,--,69,99,129,212.9,129,100,491,0,0,18737,--,--,--,0:00,20,0:00,No,01:26.3,131,0,--,--
Running,28-02-19 6:53,FALSE,Melbourne Running,5.05,362,0:31:05,145,164,3.2,154,197,6:09,4:35,28,33,0.96,10.6,9.9,296,50.6% L / 49.4% R,--,--,--,0,--,--,--,0,0,--,--,--,--,0:00,21,0:00,No,05:42.4,6,0,--,--
Open Water Swimming,27-02-19 16:35,FALSE,Port Phillip Bay Open Water Swimming,"2,064",449,0:39:03,--,--,--,--,--,1:54,0:47,--,--,0,0,0,--,--,--,--,--,0,--,--,--,0,0,1162,42,29,--,0:00,22,0:00,No,00:00.0,1,0,--,--
Treadmill Running,27-02-19 12:04,FALSE,Treadmill Running,5.04,395,0:34:15,139,161,3.1,153,163,6:48,4:17,3,--,0.97,10.9,10.7,302,50.5% L / 49.5% R,--,--,--,0,--,--,--,0,0,--,--,--,--,0:00,25,0:00,No,06:30.0,6,0,--,--
Treadmill Running,26-02-19 12:04,FALSE,Treadmill Running,5.03,408,0:33:01,148,169,3.6,154,163,6:34,5:40,3,--,0.99,10.9,11,294,48.7% L / 51.3% R,--,--,--,0,--,--,--,0,0,--,--,--,--,0:00,26,0:00,No,06:24.8,6,0,--,--
Running,26-02-19 6:49,FALSE,Melbourne Running,1.11,77,06:28.4,146,158,2.2,162,180,5:50,4:06,4,6,0.98,11.6,10.2,282,50.0% L / 50.0% R,--,--,--,0,--,--,--,0,0,--,--,--,--,0:00,22,0:00,No,05:35.8,2,0,--,--
Cycling,26-02-19 5:24,FALSE,Melbourne Cycling,36.32,506,1:16:56,134,156,--,--,--,28.3,41.7,81,66,0,0,0,--,--,74,99,130,53.5,126,113,503,0,0,5121,--,--,--,0:00,18,0:00,No,01:42.4,37,0,--,--
Running,24-02-19 8:25,FALSE,Melbourne Running,17.1,"1,101",2:02:54,136,154,3,146,188,7:11,5:12,99,107,0.92,10.4,9.3,337,50.6% L / 49.4% R,--,--,--,0,--,--,--,0,0,--,--,--,--,0:00,22,0:00,No,05:53.2,18,0,--,--
Open Water Swimming,24-02-19 7:06,FALSE,Port Phillip Bay Open Water Swimming,"2,417",373,0:42:11,119,125,2.1,--,--,1:45,0:49,--,--,0,0,0,--,--,--,--,--,0,--,--,--,0,0,1310,40,30,--,0:00,21,0:00,No,00:00.0,1,0,--,--
Running,23-02-19 12:28,FALSE,Melbourne Running,2.04,147,0:12:07,147,160,2.8,160,213,5:57,5:17,4,3,1.03,10.1,10.3,283,51.0% L / 49.0% R,--,--,--,0,--,--,--,0,0,--,--,--,--,0:00,24,0:00,No,05:50.1,3,0,--,--
Cycling,23-02-19 6:42,FALSE,Melbourne Cycling,126.58,"1,741",4:52:51,133,167,--,--,--,25.9,54.4,660,677,0,0,0,--,--,67,95,130,206,121,102,465,0,0,17777,--,--,--,0:00,14,0:00,No,01:15.0,127,0,--,--
Running,21-02-19 7:02,FALSE,Melbourne Running,5.03,347,0:29:12,146,159,3.4,160,180,5:49,4:18,31,38,1.02,10.2,10.3,286,50.0% L / 50.0% R,--,--,--,0,--,--,--,0,0,--,--,--,--,0:00,19,0:00,No,05:26.4,6,0,--,--
Open Water Swimming,20-02-19 16:41,FALSE,Port Phillip Bay Open Water Swimming,"2,231",488,0:39:45,--,--,--,--,--,1:47,0:54,--,--,0,0,0,--,--,--,--,--,0,--,--,--,0,0,1263,41,31,--,0:00,21,0:00,No,00:00.0,1,0,--,--
Treadmill Running,20-02-19 12:04,FALSE,Treadmill Running,5.04,422,0:32:25,--,--,--,157,169,6:26,5:10,1,--,0.99,0,0,--,--,--,--,--,0,--,--,--,0,0,--,--,--,--,0:00,25,0:00,No,06:17.7,6,0,--,--
Treadmill Running,19-02-19 12:20,FALSE,Treadmill Running,5.04,423,0:32:43,--,--,--,157,167,6:29,5:14,3,--,0.98,0,0,--,--,--,--,--,0,--,--,--,0,0,--,--,--,--,0:00,26,0:00,No,06:14.4,6,0,--,--
Open Water Swimming,17-02-19 12:08,FALSE,Port Phillip Bay Open Water Swimming,"3,944",882,0:47:55,--,--,--,--,--,1:13,0:32,--,--,0,0,0,--,--,--,--,--,0,--,--,--,0,0,1410,27,29,--,0:00,20,0:00,No,00:00.0,1,0,--,--
Running,16-02-19 12:43,FALSE,Melbourne Running,2.11,160,0:12:38,152,163,2.8,156,173,6:00,5:10,2,1,1.04,10.1,10.5,296,50.5% L / 49.5% R,--,--,--,0,--,--,--,0,0,--,--,--,--,0:00,26,0:00,No,05:54.9,3,0,--,--
Cycling,16-02-19 6:39,FALSE,Melbourne Cycling,100.84,"1,950",4:44:26,123,161,--,--,--,21.3,51.8,"1,182","1,152",0,0,0,--,--,64,123,157,291.9,153,117,485,0,0,14480,--,--,--,0:00,15,0:00,No,01:36.2,101,0,--,--
Treadmill Running,14-02-19 6:57,FALSE,Treadmill Running,5.06,424,0:33:23,--,--,--,156,167,6:36,5:24,--,2,0.97,0,0,--,--,--,--,--,0,--,--,--,0,0,--,--,--,--,0:00,24,0:00,No,06:17.3,6,0,--,--
Open Water Swimming,13-02-19 16:18,FALSE,Port Phillip Bay Open Water Swimming,"2,224",374,0:41:32,123,130,2.1,--,--,1:52,0:35,--,--,0,0,0,--,--,--,--,--,0,--,--,--,0,0,1278,42,30,--,0:00,21,0:00,No,00:00.0,1,0,--,--
Treadmill Running,13-02-19 11:57,FALSE,Treadmill Running,5.05,422,0:32:55,--,--,--,157,167,6:31,5:30,--,2,0.98,0,0,--,--,--,--,--,0,--,--,--,0,0,--,--,--,--,0:00,25,0:00,No,06:21.4,6,0,--,--
Treadmill Running,12-02-19 12:04,FALSE,Treadmill Running,5.05,382,0:33:54,139,166,3.2,154,167,6:43,5:44,1,3,0.97,11.6,11.4,291,50.2% L / 49.8% R,--,--,--,0,--,--,--,0,0,--,--,--,--,0:00,26,0:00,No,06:36.0,6,0,--,--
Running,12-02-19 6:54,FALSE,Melbourne Running,1.1,74,06:45.8,134,149,1.9,158,183,6:09,5:00,9,8,0.96,11.7,9.8,296,50.3% L / 49.7% R,--,--,--,0,--,--,--,0,0,--,--,--,--,0:00,21,0:00,No,06:15.9,2,0,--,--
Cycling,12-02-19 5:23,FALSE,Melbourne Cycling,36.34,498,1:22:55,115,138,--,--,--,26.3,40.8,99,81,0,0,0,--,--,71,91,121,50,111,103,445,0,0,5277,--,--,--,0:00,17,0:00,No,01:47.1,37,0,--,--
Open Water Swimming,11-02-19 16:36,FALSE,Port Phillip Bay Open Water Swimming,"3,012",489,0:53:29,122,132,2.2,--,--,1:46,0:53,--,--,0,0,0,--,--,--,--,--,0,--,--,--,0,0,1670,40,31,--,0:00,23,0:00,No,00:00.0,1,0,--,--
Running,10-02-19 11:00,FALSE,Melbourne Running,8.34,483,1:01:11,126,149,2.4,144,197,7:20,4:47,33,40,0.86,10.9,9,352,50.4% L / 49.6% R,--,--,--,0,--,--,--,0,0,--,--,--,--,0:00,23,0:00,No,05:54.7,9,0,--,--
Cycling,09-02-19 6:43,FALSE,Melbourne Cycling,92.35,"1,771",4:18:02,125,154,--,--,--,21.5,53.7,970,974,0,0,0,--,--,64,148,146,229.4,154,118,453,0,0,14281,--,--,--,0:00,11,0:00,No,01:25.3,93,0,--,--
Treadmill Running,08-02-19 5:48,FALSE,Treadmill Running,5.06,402,0:32:50,151,164,3.5,156,172,6:29,4:01,2,--,1.01,9.5,9.8,296,50.1% L / 49.9% R,--,--,--,0,--,--,--,0,0,--,--,--,--,0:00,25,0:00,No,06:09.4,6,0,--,--
Treadmill Running,07-02-19 11:53,FALSE,Treadmill Running,5.05,379,0:32:03,143,172,3.4,158,165,6:21,5:27,2,--,1,10.1,10.3,292,50.7% L / 49.3% R,--,--,--,0,--,--,--,0,0,--,--,--,--,0:00,26,0:00,No,06:15.3,6,0,--,--
Treadmill Running,06-02-19 12:02,FALSE,Treadmill Running,5.05,357,0:32:48,135,156,2.9,157,168,6:30,4:59,3,1,0.99,10,10.1,298,51.4% L / 48.6% R,--,--,--,0,--,--,--,0,0,--,--,--,--,0:00,27,0:00,No,06:13.5,6,0,--,--
Open Water Swimming,06-02-19 6:06,FALSE,Port Phillip Bay Open Water Swimming,"2,112",462,0:39:14,--,--,--,--,--,1:51,0:36,--,--,0,0,0,--,--,--,--,--,0,--,--,--,0,0,1171,42,29,--,0:00,22,0:00,No,00:00.0,1,0,--,--
Treadmill Running,05-02-19 11:58,FALSE,Treadmill Running,5.06,391,0:32:17,146,172,3.5,156,166,6:22,5:31,3,--,1.02,10.2,10.5,293,50.6% L / 49.4% R,--,--,--,0,--,--,--,0,0,--,--,--,--,0:00,26,0:00,No,06:07.1,6,0,--,--
Running,05-02-19 6:43,FALSE,Melbourne Running,1.08,67,06:05.5,137,153,2,164,186,5:37,4:39,2,6,0.96,11.2,9.4,282,50.0% L / 50.0% R,--,--,--,0,--,--,--,0,0,--,--,--,--,0:00,21,0:00,No,05:33.0,2,0,--,--
Cycling,05-02-19 5:27,FALSE,Melbourne Cycling,31.42,464,1:10:28,122,147,--,--,--,26.8,44.2,144,155,0,0,0,--,--,71,91,135,53.3,127,114,427,0,0,4631,--,--,--,0:00,16,0:00,No,01:29.9,32,0,--,--
Open Water Swimming,04-02-19 6:10,FALSE,Port Phillip Bay Open Water Swimming,"1,424",226,0:29:22,111,117,1.7,--,--,2:04,0:59,--,--,0,0,0,--,--,--,--,--,0,--,--,--,0,0,856,46,29,--,0:00,22,0:00,No,00:00.0,1,0,--,--
Running,03-02-19 6:26,FALSE,Melbourne Running,14.32,891,1:33:32,137,154,3,151,240,6:32,4:47,49,58,0.99,9.9,9.8,320,50.5% L / 49.5% R,--,--,--,0,--,--,--,0,0,--,--,--,--,0:00,23,0:00,No,05:58.7,15,0,--,--
Cycling,02-02-19 12:50,FALSE,Cycling,0,--,01:33.5,--,--,--,--,--,--,--,--,--,0,0,0,--,--,--,--,--,0,--,--,--,0,0,--,--,--,--,0:00,25,0:00,No,00:00.0,1,0,--,--
Treadmill Running,01-02-19 11:56,FALSE,Treadmill Running,5.07,361,0:33:00,137,165,3.2,155,166,6:30,5:12,5,1,1,10.6,10.9,295,50.6% L / 49.4% R,--,--,--,0,--,--,--,0,0,--,--,--,--,0:00,26,0:00,No,06:21.0,6,0,--,--
Open Water Swimming,01-02-19 6:02,FALSE,Port Phillip Bay Open Water Swimming,"2,107",320,0:40:03,116,126,2,--,--,1:54,0:43,--,--,0,0,0,--,--,--,--,--,0,--,--,--,0,0,1245,43,31,--,0:00,21,0:00,No,00:00.0,1,0,--,--
Running,31-01-19 7:12,FALSE,Melbourne Running,1.03,68,05:58.3,140,154,2,162,179,5:47,4:15,2,5,0.88,12.8,9.7,283,50.2% L / 49.8% R,--,--,--,0,--,--,--,0,0,--,--,--,--,0:00,21,0:00,No,05:40.3,2,0,--,--
Cycling,31-01-19 5:24,FALSE,Melbourne Cycling,46.46,725,1:38:35,131,151,--,--,--,28.3,40.1,145,146,0,0,0,--,--,74,95,147,88.3,135,125,487,0,0,6299,--,--,--,0:00,17,0:00,No,01:36.7,47,0,--,--
Treadmill Running,30-01-19 11:57,FALSE,Treadmill Running,5.1,353,0:33:28,135,161,3.1,154,175,6:34,5:03,6,--,1.01,10.5,10.7,298,50.5% L / 49.5% R,--,--,--,0,--,--,--,0,0,--,--,--,--,0:00,27,0:00,No,00:00.0,6,0,--,--
Open Water Swimming,30-01-19 6:08,FALSE,Port Phillip Bay Open Water Swimming,"2,125",368,0:39:50,121,132,2.2,--,--,1:52,1:00,--,--,0,0,0,--,--,--,--,--,0,--,--,--,0,0,1263,43,31,--,0:00,24,0:00,No,00:00.0,1,0,--,--
Treadmill Running,29-01-19 6:04,FALSE,Treadmill Running,6.1,458,0:40:50,140,162,3.6,153,175,6:42,5:42,1,1,0.98,10.6,10.6,308,50.4% L / 49.6% R,--,--,--,0,--,--,--,0,0,--,--,--,--,0:00,25,0:00,No,00:00.0,7,0,--,--
Running,28-01-19 12:01,FALSE,Melbourne Running,2.04,168,0:14:46,142,153,2.9,145,173,7:14,5:06,3,2,0.93,10.4,9.3,341,50.9% L / 49.1% R,--,--,--,0,--,--,--,0,0,--,--,--,--,0:00,27,0:00,No,00:00.0,3,0,--,--
Cycling,28-01-19 6:35,FALSE,Melbourne Cycling,110.5,"1,468",4:22:45,123,150,--,--,--,25.2,52.5,489,475,0,0,0,--,--,68,95,121,159.7,130,96,367,0,0,15979,--,--,--,0:00,14,0:00,No,00:00.0,111,0,--,--
Running,27-01-19 6:15,FALSE,Melbourne Running,15.11,902,1:42:59,134,152,3,150,183,6:49,5:02,32,49,0.96,10.1,9.7,314,50.5% L / 49.5% R,--,--,--,0,--,--,--,0,0,--,--,--,--,0:00,20,0:00,No,00:00.0,16,0,--,--
Open Water Swimming,26-01-19 8:00,FALSE,Port Phillip Bay Open Water Swimming,"5,577","1,239",1:43:49,--,--,--,--,--,1:52,0:18,--,--,0,0,0,--,--,--,--,--,0,--,--,--,0,0,3252,42,31,--,0:00,22,0:00,No,00:00.0,1,0,--,--
Open Water Swimming,24-01-19 16:30,FALSE,Port Phillip Bay Open Water Swimming,"3,010",685,1:10:49,--,--,--,--,--,2:21,0:53,--,--,0.76,0,0,--,--,--,--,--,0,--,--,--,0,0,1952,--,29,--,0:00,21,0:00,No,00:00.0,1,0,--,--
Running,24-01-19 6:51,FALSE,Melbourne Running,5.06,348,0:31:18,144,160,3.3,158,190,6:11,4:03,33,36,0.99,10.1,9.7,289,50.5% L / 49.5% R,--,--,--,0,--,--,--,0,0,--,--,--,--,0:00,21,0:00,No,00:00.0,6,0,--,--
Treadmill Running,23-01-19 12:16,FALSE,Treadmill Running,5.08,393,0:34:42,143,163,4,153,183,6:50,4:33,3,2,0.95,10.9,10.6,301,51.1% L / 48.9% R,--,--,--,0,--,--,--,0,0,--,--,--,--,0:00,27,0:00,No,00:00.0,6,0,--,--
Open Water Swimming,23-01-19 6:02,FALSE,Port Phillip Bay Open Water Swimming,"2,106",367,0:41:14,122,130,2.4,--,--,1:57,0:59,--,--,0,0,0,--,--,--,--,--,0,--,--,--,0,0,1273,44,30,--,0:00,23,0:00,No,00:00.0,1,0,--,--
Running,22-01-19 6:55,FALSE,Melbourne Running,1.21,88,08:31.9,133,144,2.2,152,177,7:04,4:40,4,6,0.88,10.5,8.6,333,50.8% L / 49.2% R,--,--,--,0,--,--,--,0,0,--,--,--,--,0:00,22,0:00,No,00:00.0,2,0,--,--
Cycling,22-01-19 5:26,FALSE,Melbourne Cycling,36.28,510,1:21:16,124,146,--,--,--,26.8,40.7,80,66,0,0,0,--,--,73,95,126,53.6,118,109,412,0,0,5239,--,--,--,0:00,18,0:00,No,00:00.0,37,0,--,--
Open Water Swimming,21-01-19 6:00,FALSE,Port Phillip Bay Open Water Swimming,"1,809",265,0:35:38,113,119,2.1,--,--,1:58,0:22,--,--,0,0,0,--,--,--,--,--,0,--,--,--,0,0,1007,43,28,--,0:00,22,0:00,No,00:00.0,1,0,--,--
Open Water Swimming,20-01-19 9:08,FALSE,Port Phillip Bay Open Water Swimming,"2,950",643,0:56:24,--,--,--,--,--,1:55,0:40,--,--,0,0,0,--,--,--,--,--,0,--,--,--,0,0,1677,43,29,--,0:00,22,0:00,No,00:00.0,1,0,--,--
Running,20-01-19 6:51,FALSE,Melbourne Running,12.4,803,1:28:28,135,149,3.1,148,190,7:08,4:39,67,87,0.92,10,9.1,332,50.4% L / 49.6% R,--,--,--,0,--,--,--,0,0,--,--,--,--,0:00,20,0:00,No,00:00.0,13,0,--,--
Cycling,19-01-19 6:35,FALSE,Melbourne Cycling,104.13,"1,930",4:55:36,125,160,--,--,--,21.1,49.1,"1,198","1,200",0,0,0,--,--,62,96,142,249.3,154,112,423,0,0,15512,--,--,--,0:00,13,0:00,No,00:00.0,105,0,--,--
Treadmill Running,18-01-19 12:00,FALSE,Treadmill Running,5.1,410,0:34:36,147,170,4.2,154,170,6:47,3:47,2,4,0.96,10.7,10.5,303,50.9% L / 49.1% R,--,--,--,0,--,--,--,0,0,--,--,--,--,0:00,26,0:00,No,00:00.0,6,0,--,--
Open Water Swimming,18-01-19 6:00,FALSE,Port Phillip Bay Open Water Swimming,"2,347",517,0:39:16,--,--,--,--,--,1:40,0:28,--,--,0,0,0,--,--,--,--,--,0,--,--,--,0,0,1180,38,29,--,0:00,23,0:00,No,00:00.0,1,0,--,--
Treadmill Running,16-01-19 11:27,FALSE,Treadmill Running,5.09,394,0:34:42,143,167,3.9,154,164,6:49,5:11,1,1,0.95,11.1,10.7,301,50.3% L / 49.8% R,--,--,--,0,--,--,--,0,0,--,--,--,--,0:00,27,0:00,No,00:00.0,6,0,--,--
Open Water Swimming,16-01-19 6:06,FALSE,Port Phillip Bay Open Water Swimming,"2,187",476,0:41:29,--,--,--,--,--,1:54,0:49,--,--,0,0,0,--,--,--,--,--,0,--,--,--,0,0,1291,43,31,--,0:00,23,0:00,No,00:00.0,1,0,--,--
Running,15-01-19 7:00,FALSE,Melbourne Running,1.13,85,07:28.9,142,153,2.4,154,178,6:37,5:02,5,4,0.9,11.1,9.5,306,49.8% L / 50.2% R,--,--,--,0,--,--,--,0,0,--,--,--,--,0:00,23,0:00,No,00:00.0,2,0,--,--
Cycling,15-01-19 5:27,FALSE,Melbourne Cycling,38.09,537,1:22:36,134,156,--,--,--,27.7,39.4,84,65,0,0,0,--,--,73,104,132,59.5,120,112,539,0,0,5266,--,--,--,0:00,18,0:00,No,00:00.0,39,0,--,--
Running,14-01-19 5:53,FALSE,Melbourne Running,6.1,366,0:42:13,129,149,2.9,148,191,6:55,4:24,37,38,0.94,10.1,9.4,318,50.4% L / 49.6% R,--,--,--,0,--,--,--,0,0,--,--,--,--,0:00,21,0:00,No,00:00.0,7,0,--,--
Open Water Swimming,13-01-19 7:30,FALSE,Port Phillip Bay Open Water Swimming,"5,198","1,125",1:46:35,--,--,--,--,--,2:03,0:44,--,--,0,0,0,--,--,--,--,--,0,--,--,--,0,0,3167,46,29,--,0:00,21,0:00,No,00:00.0,1,0,--,--
Open Water Swimming,12-01-19 13:10,FALSE,Lorne Open Water Swimming,"1,158",252,0:20:57,--,--,--,--,--,1:49,0:46,--,--,0,0,0,--,--,--,--,--,0,--,--,--,0,0,634,41,30,--,0:00,19,0:00,No,00:00.0,1,0,--,--
Open Water Swimming,12-01-19 12:38,FALSE,Lorne Open Water Swimming,214,47,04:03.3,--,--,--,--,--,1:54,1:00,--,--,0,0,0,--,--,--,--,--,0,--,--,--,0,0,117,42,28,--,0:00,21,0:00,No,00:00.0,1,0,--,--
Running,12-01-19 5:43,FALSE,Melbourne Running,7.1,519,0:53:01,--,--,--,143,248,7:28,4:53,30,39,0.93,0,0,--,--,--,--,--,0,--,--,--,0,0,--,--,--,--,0:00,23,0:00,No,00:00.0,8,0,--,--
Running,11-01-19 6:44,FALSE,Melbourne Running,2.09,157,0:14:27,--,--,--,152,248,6:54,4:35,6,4,0.96,0,0,--,--,--,--,--,0,--,--,--,0,0,--,--,--,--,0:00,18,0:00,No,00:00.0,3,0,--,--
Cycling,11-01-19 5:25,FALSE,Melbourne Cycling,31.72,490,1:08:05,134,158,--,--,--,27.9,45.4,142,132,0,0,0,--,--,73,139,147,60.5,145,123,468,0,0,4647,--,--,--,0:00,12,0:00,No,00:00.0,32,0,--,--
Running,10-01-19 6:55,FALSE,Melbourne Running,5.11,358,0:34:48,137,154,3.1,151,183,6:49,4:34,35,38,0.94,10.1,9.5,327,50.5% L / 49.5% R,--,--,--,0,--,--,--,0,0,--,--,--,--,0:00,19,0:00,No,00:00.0,6,0,--,--
Treadmill Running,09-01-19 11:45,FALSE,Treadmill Running,5.07,417,0:36:05,--,--,--,151,164,7:07,4:32,--,2,0.93,0,0,--,--,--,--,--,0,--,--,--,0,0,--,--,--,--,0:00,26,0:00,No,00:00.0,6,0,--,--
Open Water Swimming,09-01-19 5:59,FALSE,Port Phillip Bay Open Water Swimming,"1,340",240,0:29:14,118,126,2.1,--,--,2:11,0:43,--,--,0,0,0,--,--,--,--,--,0,--,--,--,0,0,889,49,30,--,0:00,22,0:00,No,00:00.0,1,0,--,--
Running,08-01-19 5:54,FALSE,Melbourne Running,6.16,427,0:44:57,134,152,3.1,145,195,7:18,4:33,25,29,0.9,10,8.8,327,50.5% L / 49.5% R,--,--,--,0,--,--,--,0,0,--,--,--,--,0:00,21,0:00,No,00:00.0,7,0,--,--
Open Water Swimming,06-01-19 9:10,FALSE,Port Phillip Bay Open Water Swimming,"1,559",338,0:30:53,--,--,--,--,--,1:59,0:51,--,--,0,0,0,--,--,--,--,--,0,--,--,--,0,0,911,44,29,--,0:00,21,0:00,No,00:00.0,1,0,--,--
Running,06-01-19 7:21,FALSE,Melbourne Running,7.53,565,0:56:24,--,--,--,145,248,7:29,4:59,39,56,0.92,0,0,--,--,--,--,--,0,--,--,--,0,0,--,--,--,--,0:00,20,0:00,No,00:00.0,8,0,--,--
Running,05-01-19 11:06,FALSE,Melbourne Running,2.08,159,0:15:00,--,--,--,148,242,7:14,5:23,5,1,0.94,0,0,--,--,--,--,--,0,--,--,--,0,0,--,--,--,--,0:00,21,0:00,No,00:00.0,3,0,--,--
Cycling,05-01-19 6:43,FALSE,Melbourne Cycling,87.72,"1,640",3:41:23,133,159,--,--,--,23.8,58.3,554,601,0,0,0,--,--,66,178,147,198.9,155,126,495,0,0,13321,--,--,--,0:00,15,0:00,No,00:00.0,88,0,--,--
Open Water Swimming,04-01-19 7:45,FALSE,Port Phillip Bay Open Water Swimming,"4,406",620,1:28:35,119,126,2.8,--,--,2:01,0:31,--,--,0,0,0,--,--,--,--,--,0,--,--,--,0,0,2526,44,28,--,0:00,22,0:00,No,00:00.0,2,0,--,--
Running,03-01-19 18:55,FALSE,Melbourne Running,5.05,391,0:34:14,143,161,3.5,151,178,6:47,5:13,6,5,0.96,9.7,9.1,322,50.5% L / 49.5% R,--,--,--,0,--,--,--,0,0,--,--,--,--,0:00,27,0:00,No,00:00.0,6,0,--,--
Open Water Swimming,03-01-19 18:03,FALSE,Port Phillip Bay Open Water Swimming,930,200,0:19:28,--,--,--,--,--,2:06,0:56,--,--,0,0,0,--,--,--,--,--,0,--,--,--,0,0,582,47,29,--,0:00,24,0:00,No,00:00.0,1,0,--,--
Cycling,03-01-19 6:40,FALSE,Melbourne Cycling,73.48,"1,254",2:56:08,125,155,--,--,--,25,53.6,234,226,0,0,0,--,--,68,95,141,146.5,143,122,419,0,0,11170,--,--,--,0:00,16,0:00,No,00:00.0,74,0,--,--
Open Water Swimming,01-01-19 9:06,FALSE,Port Phillip Bay Open Water Swimming,"2,375",347,0:43:31,117,127,2.1,--,--,1:50,0:22,--,--,0,0,0,--,--,--,--,--,0,--,--,--,0,0,1241,41,28,--,0:00,22,0:00,No,00:00.0,1,0,--,--
Open Water Swimming,31-12-18 7:38,FALSE,Port Phillip Bay Open Water Swimming,"3,617",579,1:08:55,123,131,2.6,--,--,1:54,0:39,--,--,0,0,0,--,--,--,--,--,0,--,--,--,0,0,2094,43,30,--,0:00,21,0:00,No,00:00.0,1,0,--,--
Open Water Swimming,30-12-18 9:18,FALSE,Port Phillip Bay Open Water Swimming,"1,508",330,0:26:44,--,--,--,--,--,1:46,0:47,--,--,0,0,0,--,--,--,--,--,0,--,--,--,0,0,772,39,28,--,0:00,22,0:00,No,00:00.0,1,0,--,--
Cycling,29-12-18 6:06,FALSE,Melbourne Cycling,54.65,930,1:51:44,141,163,--,--,--,29.3,43.8,186,186,0,0,0,--,--,72,97,167,129,163,142,534,0,0,7191,--,--,--,0:00,17,0:00,No,00:00.0,55,0,--,--
Open Water Swimming,27-12-18 10:33,FALSE,Port Phillip Bay Open Water Swimming,"1,012",219,0:19:48,--,--,--,--,--,1:57,1:01,--,--,0,0,0,--,--,--,--,--,0,--,--,--,0,0,573,44,28,--,0:00,23,0:00,No,00:00.0,1,0,--,--
Running,27-12-18 9:22,FALSE,Melbourne Running,3.06,228,0:23:38,--,--,--,142,248,7:43,5:07,3,2,0.91,0,0,--,--,--,--,--,0,--,--,--,0,0,--,--,--,--,0:00,28,0:00,No,00:00.0,4,0,--,--
Cycling,27-12-18 6:00,FALSE,Melbourne Cycling,85.51,"1,181",2:51:05,128,166,--,--,--,30,47.7,185,184,0,0,0,--,--,67,126,143,145.1,141,119,520,0,0,10157,--,--,--,0:00,16,0:00,No,00:00.0,86,0,--,--
Open Water Swimming,26-12-18 11:00,FALSE,Point Leo Open Water Swimming,"2,527",553,0:56:46,--,--,--,--,--,2:15,0:11,--,--,0,0,0,--,--,--,--,--,0,--,--,--,0,0,1774,51,31,--,0:00,19,0:00,No,00:00.0,1,0,--,--
Cycling,25-12-18 5:29,FALSE,Melbourne Cycling,101.48,"1,379",3:46:17,139,162,--,--,--,26.9,43.5,189,202,0,0,0,--,--,70,99,118,124.1,114,103,508,0,0,13626,--,--,--,0:00,15,0:00,No,00:00.0,102,0,--,--
Open Water Swimming,24-12-18 8:09,FALSE,Port Phillip Bay Open Water Swimming,"3,636",784,1:16:47,--,--,--,--,--,2:07,0:45,--,--,0,0,0,--,--,--,--,--,0,--,--,--,0,0,2261,47,29,--,0:00,20,0:00,No,00:00.0,1,0,--,--
Cycling,23-12-18 6:00,FALSE,Melbourne Cycling,85.4,"1,115",2:56:19,125,168,--,--,--,29.1,42.9,171,162,0,0,0,--,--,68,97,136,135.9,147,109,509,0,0,10261,--,--,--,0:00,12,0:00,No,00:00.0,86,0,--,--
Running,22-12-18 5:46,FALSE,Melbourne Running,7.05,507,0:52:01,--,--,--,147,248,7:23,5:00,36,47,0.92,0,0,--,--,--,--,--,0,--,--,--,0,0,--,--,--,--,0:00,18,0:00,No,00:00.0,8,0,--,--
Open Water Swimming,19-12-18 5:46,FALSE,Port Phillip Bay Open Water Swimming,"2,061",447,0:40:14,--,--,--,--,--,1:57,0:56,--,--,0,0,0,--,--,--,--,--,0,--,--,--,0,0,1277,45,31,--,0:00,20,0:00,No,00:00.0,1,0,--,--
